CURRENCY,CODE,IS_RATE,BS_RATE,DATE,RAW_INGESTION_TS,INGESTION_TS
United Arab Emirates Dirham,AED,0.371363,0.371363,2026-02-28,2026-03-23T13:39:53.13205Z,2026-09-03T15:55:03.852587Z
Netherlands Antilles Guilder,ANG,0.761927,0.761927,2026-02-28,2026-03-23T13:39:53.13205Z,2026-09-03T15:55:03.852587Z
Argentine Peso,ARS,0.000963,0.000963,2026-02-28,2026-03-23T13:39:53.13205Z,2026-09-03T15:55:03.852587Z
Australian Dollar,AUD,0.971948,0.971948,2026-02-28,2026-03-23T13:39:53.13205Z,2026-09-03T15:55:03.852587Z
Barbados Dollar,BBD,0.681925,0.681925,2026-02-28,2026-03-23T13:39:53.13205Z,2026-09-03T15:55:03.852587Z
Bermuda Dollar,BMD,1.363851,1.363851,2026-02-28,2026-03-23T13:39:53.13205Z,2026-09-03T15:55:03.852587Z
Brunei Dollar,BND,1.078271,1.078271,2026-02-28,2026-03-23T13:39:53.13205Z,2026-09-03T15:55:03.852587Z
Brazilian Real,BRL,0.265943,0.265943,2026-02-28,2026-03-23T13:39:53.13205Z,2026-09-03T15:55:03.852587Z
Bahamian Dollar,BSD,1.363851,1.363851,2026-02-28,2026-03-23T13:39:53.13205Z,2026-09-03T15:55:03.852587Z
Belize Dollar,BZD,0.681925,0.681925,2026-02-28,2026-03-23T13:39:53.13205Z,2026-09-03T15:55:03.852587Z
Swiss Franc,CHF,1.773421,1.773421,2026-02-28,2026-03-23T13:39:53.13205Z,2026-09-03T15:55:03.852587Z
Chilean Peso,CLP,0.00156,0.00156,2026-02-28,2026-03-23T13:39:53.13205Z,2026-09-03T15:55:03.852587Z
Chinese Renminbi (Offshore),CNH,0.198786,0.198786,2026-02-28,2026-03-23T13:39:53.13205Z,2026-09-03T15:55:03.852587Z
Chinese Yuan Renminbi,CNY,0.198937,0.198937,2026-02-28,2026-03-23T13:39:53.13205Z,2026-09-03T15:55:03.852587Z
Columbian Peso,COP,0.000363,0.000363,2026-02-28,2026-03-23T13:39:53.13205Z,2026-09-03T15:55:03.852587Z
Cuban Peso,CUP,0.056827,0.056827,2026-02-28,2026-03-23T13:39:53.13205Z,2026-09-03T15:55:03.852587Z
Czech Koruna,CZK,0.066473,0.066473,2026-02-28,2026-03-23T13:39:53.13205Z,2026-09-03T15:55:03.852587Z
Danish Krone,DKK,0.215526,0.215526,2026-02-28,2026-03-23T13:39:53.13205Z,2026-09-03T15:55:03.852587Z
Dominican Republic Peso,DOP,0.022599,0.022599,2026-02-28,2026-03-23T13:39:53.13205Z,2026-09-03T15:55:03.852587Z
Egyptian Pound,EGP,0.028443,0.028443,2026-02-28,2026-03-23T13:39:53.13205Z,2026-09-03T15:55:03.852587Z
European Monetary Unit,EUR,1.610298,1.610298,2026-02-28,2026-03-23T13:39:53.13205Z,2026-09-03T15:55:03.852587Z
Pound Sterling,GBP,1.833628,1.833628,2026-02-28,2026-03-23T13:39:53.13205Z,2026-09-03T15:55:03.852587Z
Guyana Dollar,GYD,0.006514,0.006514,2026-02-28,2026-03-23T13:39:53.13205Z,2026-09-03T15:55:03.852587Z
Hong Kong Dollar,HKD,0.174357,0.174357,2026-02-28,2026-03-23T13:39:53.13205Z,2026-09-03T15:55:03.852587Z
Haitian Gourde,HTG,0.010429,0.010429,2026-02-28,2026-03-23T13:39:53.13205Z,2026-09-03T15:55:03.852587Z
Hungarian Forint,HUF,0.004273,0.004273,2026-02-28,2026-03-23T13:39:53.13205Z,2026-09-03T15:55:03.852587Z
Indonesian Rupiah,IDR,0.000081,0.000081,2026-02-28,2026-03-23T13:39:53.13205Z,2026-09-03T15:55:03.852587Z
Israeli Shekel,ILS,0.434991,0.434991,2026-02-28,2026-03-23T13:39:53.13205Z,2026-09-03T15:55:03.852587Z
Indian Rupees,INR,0.014991,0.014991,2026-02-28,2026-03-23T13:39:53.13205Z,2026-09-03T15:55:03.852587Z
Jamaican Dollar,JMD,0.008719,0.008719,2026-02-28,2026-03-23T13:39:53.13205Z,2026-09-03T15:55:03.852587Z
Jordan Dinar,JOD,1.923624,1.923624,2026-02-28,2026-03-23T13:39:53.13205Z,2026-09-03T15:55:03.852587Z
Japanese Yen,JPY,0.008736,0.008736,2026-02-28,2026-03-23T13:39:53.13205Z,2026-09-03T15:55:03.852587Z
Kenya Shilling,KES,0.010572,0.010572,2026-02-28,2026-03-23T13:39:53.13205Z,2026-09-03T15:55:03.852587Z
Cambodia Riel,KHR,0.00034,0.00034,2026-02-28,2026-03-23T13:39:53.13205Z,2026-09-03T15:55:03.852587Z
South Korean Won,KRW,0.000948,0.000948,2026-02-28,2026-03-23T13:39:53.13205Z,2026-09-03T15:55:03.852587Z
Kuwait Dinar,KWD,4.445413,4.445413,2026-02-28,2026-03-23T13:39:53.13205Z,2026-09-03T15:55:03.852587Z
Cayman Island Dollar,KYD,1.663232,1.663232,2026-02-28,2026-03-23T13:39:53.13205Z,2026-09-03T15:55:03.852587Z
Sri Lanka Rupee,LKR,0.00441,0.00441,2026-02-28,2026-03-23T13:39:53.13205Z,2026-09-03T15:55:03.852587Z
Myanmar Kyat,MMK,0.000649,0.000649,2026-02-28,2026-03-23T13:39:53.13205Z,2026-09-03T15:55:03.852587Z
Macau Pataca,MOP,0.169278,0.169278,2026-02-28,2026-03-23T13:39:53.13205Z,2026-09-03T15:55:03.852587Z
Mexican Peso,MXN,0.079266,0.079266,2026-02-28,2026-03-23T13:39:53.13205Z,2026-09-03T15:55:03.852587Z
Malaysian Ringgit,MYR,0.350514,0.350514,2026-02-28,2026-03-23T13:39:53.13205Z,2026-09-03T15:55:03.852587Z
Norwegian Krone,NOK,0.143361,0.143361,2026-02-28,2026-03-23T13:39:53.13205Z,2026-09-03T15:55:03.852587Z
New Zealand Dollar,NZD,0.818378,0.818378,2026-02-28,2026-03-23T13:39:53.13205Z,2026-09-03T15:55:03.852587Z
Panamanian Balboa,PAB,1.363851,1.363851,2026-02-28,2026-03-23T13:39:53.13205Z,2026-09-03T15:55:03.852587Z
Philippine Peso,PHP,0.023651,0.023651,2026-02-28,2026-03-23T13:39:53.13205Z,2026-09-03T15:55:03.852587Z
Polish Zloty,PLN,0.381747,0.381747,2026-02-28,2026-03-23T13:39:53.13205Z,2026-09-03T15:55:03.852587Z
Romanian Leu,RON,0.3159,0.3159,2026-02-28,2026-03-23T13:39:53.13205Z,2026-09-03T15:55:03.852587Z
Swedish Krona,SEK,0.151159,0.151159,2026-02-28,2026-03-23T13:39:53.13205Z,2026-09-03T15:55:03.852587Z
Singapore Dollar,SGD,1.078271,1.078271,2026-02-28,2026-03-23T13:39:53.13205Z,2026-09-03T15:55:03.852587Z
Suriname Dollar,SRD,0.036155,0.036155,2026-02-28,2026-03-23T13:39:53.13205Z,2026-09-03T15:55:03.852587Z
Thai Baht,THB,0.043875,0.043875,2026-02-28,2026-03-23T13:39:53.13205Z,2026-09-03T15:55:03.852587Z
Trinidad and Tobago Dollar,TTD,0.202768,0.202768,2026-02-28,2026-03-23T13:39:53.13205Z,2026-09-03T15:55:03.852587Z
New Taiwan Dollar,TWD,0.043698,0.043698,2026-02-28,2026-03-23T13:39:53.13205Z,2026-09-03T15:55:03.852587Z
Tanzanian Shilling,TZS,0.000534,0.000534,2026-02-28,2026-03-23T13:39:53.13205Z,2026-09-03T15:55:03.852587Z
Uganda Shilling,UGX,0.000378,0.000378,2026-02-28,2026-03-23T13:39:53.13205Z,2026-09-03T15:55:03.852587Z
U.S.Dollar,USD,1.363851,1.363851,2026-02-28,2026-03-23T13:39:53.13205Z,2026-09-03T15:55:03.852587Z
Uruguayan Peso,UYU,0.035466,0.035466,2026-02-28,2026-03-23T13:39:53.13205Z,2026-09-03T15:55:03.852587Z
Vietnamese Dong,VND,0.000052,0.000052,2026-02-28,2026-03-23T13:39:53.13205Z,2026-09-03T15:55:03.852587Z
East Caribbean Dollar,XCD,0.50513,0.50513,2026-02-28,2026-03-23T13:39:53.13205Z,2026-09-03T15:55:03.852587Z
South African Rand,ZAR,0.085682,0.085682,2026-02-28,2026-03-23T13:39:53.13205Z,2026-09-03T15:55:03.852587Z
Zambian Kwacha,ZMW,0.072432,0.072432,2026-02-28,2026-03-23T13:39:53.13205Z,2026-09-03T15:55:03.852587Z
Zimbabwe Gold,ZWG,0.052917,0.052917,2026-02-28,2026-03-23T13:39:53.13205Z,2026-09-03T15:55:03.852587Z
United Arab Emirates Dirham,AED,0.371363,0.371363,2026-02-28,2026-03-23T13:44:05.134534Z,2026-09-03T15:55:03.852587Z
Netherlands Antilles Guilder,ANG,0.761927,0.761927,2026-02-28,2026-03-23T13:44:05.134534Z,2026-09-03T15:55:03.852587Z
Argentine Peso,ARS,0.000963,0.000963,2026-02-28,2026-03-23T13:44:05.134534Z,2026-09-03T15:55:03.852587Z
Australian Dollar,AUD,0.971948,0.971948,2026-02-28,2026-03-23T13:44:05.134534Z,2026-09-03T15:55:03.852587Z
Barbados Dollar,BBD,0.681925,0.681925,2026-02-28,2026-03-23T13:44:05.134534Z,2026-09-03T15:55:03.852587Z
Bermuda Dollar,BMD,1.363851,1.363851,2026-02-28,2026-03-23T13:44:05.134534Z,2026-09-03T15:55:03.852587Z
Brunei Dollar,BND,1.078271,1.078271,2026-02-28,2026-03-23T13:44:05.134534Z,2026-09-03T15:55:03.852587Z
Brazilian Real,BRL,0.265943,0.265943,2026-02-28,2026-03-23T13:44:05.134534Z,2026-09-03T15:55:03.852587Z
Bahamian Dollar,BSD,1.363851,1.363851,2026-02-28,2026-03-23T13:44:05.134534Z,2026-09-03T15:55:03.852587Z
Belize Dollar,BZD,0.681925,0.681925,2026-02-28,2026-03-23T13:44:05.134534Z,2026-09-03T15:55:03.852587Z
Swiss Franc,CHF,1.773421,1.773421,2026-02-28,2026-03-23T13:44:05.134534Z,2026-09-03T15:55:03.852587Z
Chilean Peso,CLP,0.00156,0.00156,2026-02-28,2026-03-23T13:44:05.134534Z,2026-09-03T15:55:03.852587Z
Chinese Renminbi (Offshore),CNH,0.198786,0.198786,2026-02-28,2026-03-23T13:44:05.134534Z,2026-09-03T15:55:03.852587Z
Chinese Yuan Renminbi,CNY,0.198937,0.198937,2026-02-28,2026-03-23T13:44:05.134534Z,2026-09-03T15:55:03.852587Z
Columbian Peso,COP,0.000363,0.000363,2026-02-28,2026-03-23T13:44:05.134534Z,2026-09-03T15:55:03.852587Z
Cuban Peso,CUP,0.056827,0.056827,2026-02-28,2026-03-23T13:44:05.134534Z,2026-09-03T15:55:03.852587Z
Czech Koruna,CZK,0.066473,0.066473,2026-02-28,2026-03-23T13:44:05.134534Z,2026-09-03T15:55:03.852587Z
Danish Krone,DKK,0.215526,0.215526,2026-02-28,2026-03-23T13:44:05.134534Z,2026-09-03T15:55:03.852587Z
Dominican Republic Peso,DOP,0.022599,0.022599,2026-02-28,2026-03-23T13:44:05.134534Z,2026-09-03T15:55:03.852587Z
Egyptian Pound,EGP,0.028443,0.028443,2026-02-28,2026-03-23T13:44:05.134534Z,2026-09-03T15:55:03.852587Z
European Monetary Unit,EUR,1.610298,1.610298,2026-02-28,2026-03-23T13:44:05.134534Z,2026-09-03T15:55:03.852587Z
Pound Sterling,GBP,1.833628,1.833628,2026-02-28,2026-03-23T13:44:05.134534Z,2026-09-03T15:55:03.852587Z
Guyana Dollar,GYD,0.006514,0.006514,2026-02-28,2026-03-23T13:44:05.134534Z,2026-09-03T15:55:03.852587Z
Hong Kong Dollar,HKD,0.174357,0.174357,2026-02-28,2026-03-23T13:44:05.134534Z,2026-09-03T15:55:03.852587Z
Haitian Gourde,HTG,0.010429,0.010429,2026-02-28,2026-03-23T13:44:05.134534Z,2026-09-03T15:55:03.852587Z
Hungarian Forint,HUF,0.004273,0.004273,2026-02-28,2026-03-23T13:44:05.134534Z,2026-09-03T15:55:03.852587Z
Indonesian Rupiah,IDR,0.000081,0.000081,2026-02-28,2026-03-23T13:44:05.134534Z,2026-09-03T15:55:03.852587Z
Israeli Shekel,ILS,0.434991,0.434991,2026-02-28,2026-03-23T13:44:05.134534Z,2026-09-03T15:55:03.852587Z
Indian Rupees,INR,0.014991,0.014991,2026-02-28,2026-03-23T13:44:05.134534Z,2026-09-03T15:55:03.852587Z
Jamaican Dollar,JMD,0.008719,0.008719,2026-02-28,2026-03-23T13:44:05.134534Z,2026-09-03T15:55:03.852587Z
Jordan Dinar,JOD,1.923624,1.923624,2026-02-28,2026-03-23T13:44:05.134534Z,2026-09-03T15:55:03.852587Z
Japanese Yen,JPY,0.008736,0.008736,2026-02-28,2026-03-23T13:44:05.134534Z,2026-09-03T15:55:03.852587Z
Kenya Shilling,KES,0.010572,0.010572,2026-02-28,2026-03-23T13:44:05.134534Z,2026-09-03T15:55:03.852587Z
Cambodia Riel,KHR,0.00034,0.00034,2026-02-28,2026-03-23T13:44:05.134534Z,2026-09-03T15:55:03.852587Z
South Korean Won,KRW,0.000948,0.000948,2026-02-28,2026-03-23T13:44:05.134534Z,2026-09-03T15:55:03.852587Z
Kuwait Dinar,KWD,4.445413,4.445413,2026-02-28,2026-03-23T13:44:05.134534Z,2026-09-03T15:55:03.852587Z
Cayman Island Dollar,KYD,1.663232,1.663232,2026-02-28,2026-03-23T13:44:05.134534Z,2026-09-03T15:55:03.852587Z
Sri Lanka Rupee,LKR,0.00441,0.00441,2026-02-28,2026-03-23T13:44:05.134534Z,2026-09-03T15:55:03.852587Z
Myanmar Kyat,MMK,0.000649,0.000649,2026-02-28,2026-03-23T13:44:05.134534Z,2026-09-03T15:55:03.852587Z
Macau Pataca,MOP,0.169278,0.169278,2026-02-28,2026-03-23T13:44:05.134534Z,2026-09-03T15:55:03.852587Z
Mexican Peso,MXN,0.079266,0.079266,2026-02-28,2026-03-23T13:44:05.134534Z,2026-09-03T15:55:03.852587Z
Malaysian Ringgit,MYR,0.350514,0.350514,2026-02-28,2026-03-23T13:44:05.134534Z,2026-09-03T15:55:03.852587Z
Norwegian Krone,NOK,0.143361,0.143361,2026-02-28,2026-03-23T13:44:05.134534Z,2026-09-03T15:55:03.852587Z
New Zealand Dollar,NZD,0.818378,0.818378,2026-02-28,2026-03-23T13:44:05.134534Z,2026-09-03T15:55:03.852587Z
Panamanian Balboa,PAB,1.363851,1.363851,2026-02-28,2026-03-23T13:44:05.134534Z,2026-09-03T15:55:03.852587Z
Philippine Peso,PHP,0.023651,0.023651,2026-02-28,2026-03-23T13:44:05.134534Z,2026-09-03T15:55:03.852587Z
Polish Zloty,PLN,0.381747,0.381747,2026-02-28,2026-03-23T13:44:05.134534Z,2026-09-03T15:55:03.852587Z
Romanian Leu,RON,0.3159,0.3159,2026-02-28,2026-03-23T13:44:05.134534Z,2026-09-03T15:55:03.852587Z
Swedish Krona,SEK,0.151159,0.151159,2026-02-28,2026-03-23T13:44:05.134534Z,2026-09-03T15:55:03.852587Z
Singapore Dollar,SGD,1.078271,1.078271,2026-02-28,2026-03-23T13:44:05.134534Z,2026-09-03T15:55:03.852587Z
Suriname Dollar,SRD,0.036155,0.036155,2026-02-28,2026-03-23T13:44:05.134534Z,2026-09-03T15:55:03.852587Z
Thai Baht,THB,0.043875,0.043875,2026-02-28,2026-03-23T13:44:05.134534Z,2026-09-03T15:55:03.852587Z
Trinidad and Tobago Dollar,TTD,0.202768,0.202768,2026-02-28,2026-03-23T13:44:05.134534Z,2026-09-03T15:55:03.852587Z
New Taiwan Dollar,TWD,0.043698,0.043698,2026-02-28,2026-03-23T13:44:05.134534Z,2026-09-03T15:55:03.852587Z
Tanzanian Shilling,TZS,0.000534,0.000534,2026-02-28,2026-03-23T13:44:05.134534Z,2026-09-03T15:55:03.852587Z
Uganda Shilling,UGX,0.000378,0.000378,2026-02-28,2026-03-23T13:44:05.134534Z,2026-09-03T15:55:03.852587Z
U.S.Dollar,USD,1.363851,1.363851,2026-02-28,2026-03-23T13:44:05.134534Z,2026-09-03T15:55:03.852587Z
Uruguayan Peso,UYU,0.035466,0.035466,2026-02-28,2026-03-23T13:44:05.134534Z,2026-09-03T15:55:03.852587Z
Vietnamese Dong,VND,0.000052,0.000052,2026-02-28,2026-03-23T13:44:05.134534Z,2026-09-03T15:55:03.852587Z
East Caribbean Dollar,XCD,0.50513,0.50513,2026-02-28,2026-03-23T13:44:05.134534Z,2026-09-03T15:55:03.852587Z
South African Rand,ZAR,0.085682,0.085682,2026-02-28,2026-03-23T13:44:05.134534Z,2026-09-03T15:55:03.852587Z
Zambian Kwacha,ZMW,0.072432,0.072432,2026-02-28,2026-03-23T13:44:05.134534Z,2026-09-03T15:55:03.852587Z
Zimbabwe Gold,ZWG,0.052917,0.052917,2026-02-28,2026-03-23T13:44:05.134534Z,2026-09-03T15:55:03.852587Z
United Arab Emirates Dirham,AED,0.371363,0.371363,2026-02-28,2026-03-23T13:40:32.80435Z,2026-09-03T15:55:03.852587Z
Netherlands Antilles Guilder,ANG,0.761927,0.761927,2026-02-28,2026-03-23T13:40:32.80435Z,2026-09-03T15:55:03.852587Z
Argentine Peso,ARS,0.000963,0.000963,2026-02-28,2026-03-23T13:40:32.80435Z,2026-09-03T15:55:03.852587Z
Australian Dollar,AUD,0.971948,0.971948,2026-02-28,2026-03-23T13:40:32.80435Z,2026-09-03T15:55:03.852587Z
Barbados Dollar,BBD,0.681925,0.681925,2026-02-28,2026-03-23T13:40:32.80435Z,2026-09-03T15:55:03.852587Z
Bermuda Dollar,BMD,1.363851,1.363851,2026-02-28,2026-03-23T13:40:32.80435Z,2026-09-03T15:55:03.852587Z
Brunei Dollar,BND,1.078271,1.078271,2026-02-28,2026-03-23T13:40:32.80435Z,2026-09-03T15:55:03.852587Z
Brazilian Real,BRL,0.265943,0.265943,2026-02-28,2026-03-23T13:40:32.80435Z,2026-09-03T15:55:03.852587Z
Bahamian Dollar,BSD,1.363851,1.363851,2026-02-28,2026-03-23T13:40:32.80435Z,2026-09-03T15:55:03.852587Z
Belize Dollar,BZD,0.681925,0.681925,2026-02-28,2026-03-23T13:40:32.80435Z,2026-09-03T15:55:03.852587Z
Swiss Franc,CHF,1.773421,1.773421,2026-02-28,2026-03-23T13:40:32.80435Z,2026-09-03T15:55:03.852587Z
Chilean Peso,CLP,0.00156,0.00156,2026-02-28,2026-03-23T13:40:32.80435Z,2026-09-03T15:55:03.852587Z
Chinese Renminbi (Offshore),CNH,0.198786,0.198786,2026-02-28,2026-03-23T13:40:32.80435Z,2026-09-03T15:55:03.852587Z
Chinese Yuan Renminbi,CNY,0.198937,0.198937,2026-02-28,2026-03-23T13:40:32.80435Z,2026-09-03T15:55:03.852587Z
Columbian Peso,COP,0.000363,0.000363,2026-02-28,2026-03-23T13:40:32.80435Z,2026-09-03T15:55:03.852587Z
Cuban Peso,CUP,0.056827,0.056827,2026-02-28,2026-03-23T13:40:32.80435Z,2026-09-03T15:55:03.852587Z
Czech Koruna,CZK,0.066473,0.066473,2026-02-28,2026-03-23T13:40:32.80435Z,2026-09-03T15:55:03.852587Z
Danish Krone,DKK,0.215526,0.215526,2026-02-28,2026-03-23T13:40:32.80435Z,2026-09-03T15:55:03.852587Z
Dominican Republic Peso,DOP,0.022599,0.022599,2026-02-28,2026-03-23T13:40:32.80435Z,2026-09-03T15:55:03.852587Z
Egyptian Pound,EGP,0.028443,0.028443,2026-02-28,2026-03-23T13:40:32.80435Z,2026-09-03T15:55:03.852587Z
European Monetary Unit,EUR,1.610298,1.610298,2026-02-28,2026-03-23T13:40:32.80435Z,2026-09-03T15:55:03.852587Z
Pound Sterling,GBP,1.833628,1.833628,2026-02-28,2026-03-23T13:40:32.80435Z,2026-09-03T15:55:03.852587Z
Guyana Dollar,GYD,0.006514,0.006514,2026-02-28,2026-03-23T13:40:32.80435Z,2026-09-03T15:55:03.852587Z
Hong Kong Dollar,HKD,0.174357,0.174357,2026-02-28,2026-03-23T13:40:32.80435Z,2026-09-03T15:55:03.852587Z
Haitian Gourde,HTG,0.010429,0.010429,2026-02-28,2026-03-23T13:40:32.80435Z,2026-09-03T15:55:03.852587Z
Hungarian Forint,HUF,0.004273,0.004273,2026-02-28,2026-03-23T13:40:32.80435Z,2026-09-03T15:55:03.852587Z
Indonesian Rupiah,IDR,0.000081,0.000081,2026-02-28,2026-03-23T13:40:32.80435Z,2026-09-03T15:55:03.852587Z
Israeli Shekel,ILS,0.434991,0.434991,2026-02-28,2026-03-23T13:40:32.80435Z,2026-09-03T15:55:03.852587Z
Indian Rupees,INR,0.014991,0.014991,2026-02-28,2026-03-23T13:40:32.80435Z,2026-09-03T15:55:03.852587Z
Jamaican Dollar,JMD,0.008719,0.008719,2026-02-28,2026-03-23T13:40:32.80435Z,2026-09-03T15:55:03.852587Z
Jordan Dinar,JOD,1.923624,1.923624,2026-02-28,2026-03-23T13:40:32.80435Z,2026-09-03T15:55:03.852587Z
Japanese Yen,JPY,0.008736,0.008736,2026-02-28,2026-03-23T13:40:32.80435Z,2026-09-03T15:55:03.852587Z
Kenya Shilling,KES,0.010572,0.010572,2026-02-28,2026-03-23T13:40:32.80435Z,2026-09-03T15:55:03.852587Z
Cambodia Riel,KHR,0.00034,0.00034,2026-02-28,2026-03-23T13:40:32.80435Z,2026-09-03T15:55:03.852587Z
South Korean Won,KRW,0.000948,0.000948,2026-02-28,2026-03-23T13:40:32.80435Z,2026-09-03T15:55:03.852587Z
Kuwait Dinar,KWD,4.445413,4.445413,2026-02-28,2026-03-23T13:40:32.80435Z,2026-09-03T15:55:03.852587Z
Cayman Island Dollar,KYD,1.663232,1.663232,2026-02-28,2026-03-23T13:40:32.80435Z,2026-09-03T15:55:03.852587Z
Sri Lanka Rupee,LKR,0.00441,0.00441,2026-02-28,2026-03-23T13:40:32.80435Z,2026-09-03T15:55:03.852587Z
Myanmar Kyat,MMK,0.000649,0.000649,2026-02-28,2026-03-23T13:40:32.80435Z,2026-09-03T15:55:03.852587Z
Macau Pataca,MOP,0.169278,0.169278,2026-02-28,2026-03-23T13:40:32.80435Z,2026-09-03T15:55:03.852587Z
Mexican Peso,MXN,0.079266,0.079266,2026-02-28,2026-03-23T13:40:32.80435Z,2026-09-03T15:55:03.852587Z
Malaysian Ringgit,MYR,0.350514,0.350514,2026-02-28,2026-03-23T13:40:32.80435Z,2026-09-03T15:55:03.852587Z
Norwegian Krone,NOK,0.143361,0.143361,2026-02-28,2026-03-23T13:40:32.80435Z,2026-09-03T15:55:03.852587Z
New Zealand Dollar,NZD,0.818378,0.818378,2026-02-28,2026-03-23T13:40:32.80435Z,2026-09-03T15:55:03.852587Z
Panamanian Balboa,PAB,1.363851,1.363851,2026-02-28,2026-03-23T13:40:32.80435Z,2026-09-03T15:55:03.852587Z
Philippine Peso,PHP,0.023651,0.023651,2026-02-28,2026-03-23T13:40:32.80435Z,2026-09-03T15:55:03.852587Z
Polish Zloty,PLN,0.381747,0.381747,2026-02-28,2026-03-23T13:40:32.80435Z,2026-09-03T15:55:03.852587Z
Romanian Leu,RON,0.3159,0.3159,2026-02-28,2026-03-23T13:40:32.80435Z,2026-09-03T15:55:03.852587Z
Swedish Krona,SEK,0.151159,0.151159,2026-02-28,2026-03-23T13:40:32.80435Z,2026-09-03T15:55:03.852587Z
Singapore Dollar,SGD,1.078271,1.078271,2026-02-28,2026-03-23T13:40:32.80435Z,2026-09-03T15:55:03.852587Z
Suriname Dollar,SRD,0.036155,0.036155,2026-02-28,2026-03-23T13:40:32.80435Z,2026-09-03T15:55:03.852587Z
Thai Baht,THB,0.043875,0.043875,2026-02-28,2026-03-23T13:40:32.80435Z,2026-09-03T15:55:03.852587Z
Trinidad and Tobago Dollar,TTD,0.202768,0.202768,2026-02-28,2026-03-23T13:40:32.80435Z,2026-09-03T15:55:03.852587Z
New Taiwan Dollar,TWD,0.043698,0.043698,2026-02-28,2026-03-23T13:40:32.80435Z,2026-09-03T15:55:03.852587Z
Tanzanian Shilling,TZS,0.000534,0.000534,2026-02-28,2026-03-23T13:40:32.80435Z,2026-09-03T15:55:03.852587Z
Uganda Shilling,UGX,0.000378,0.000378,2026-02-28,2026-03-23T13:40:32.80435Z,2026-09-03T15:55:03.852587Z
U.S.Dollar,USD,1.363851,1.363851,2026-02-28,2026-03-23T13:40:32.80435Z,2026-09-03T15:55:03.852587Z
Uruguayan Peso,UYU,0.035466,0.035466,2026-02-28,2026-03-23T13:40:32.80435Z,2026-09-03T15:55:03.852587Z
Vietnamese Dong,VND,0.000052,0.000052,2026-02-28,2026-03-23T13:40:32.80435Z,2026-09-03T15:55:03.852587Z
East Caribbean Dollar,XCD,0.50513,0.50513,2026-02-28,2026-03-23T13:40:32.80435Z,2026-09-03T15:55:03.852587Z
South African Rand,ZAR,0.085682,0.085682,2026-02-28,2026-03-23T13:40:32.80435Z,2026-09-03T15:55:03.852587Z
Zambian Kwacha,ZMW,0.072432,0.072432,2026-02-28,2026-03-23T13:40:32.80435Z,2026-09-03T15:55:03.852587Z
Zimbabwe Gold,ZWG,0.052917,0.052917,2026-02-28,2026-03-23T13:40:32.80435Z,2026-09-03T15:55:03.852587Z
United Arab Emirates Dirham,AED,0.371363,0.371363,2026-02-28,2026-03-23T13:45:46.652355Z,2026-09-03T15:55:03.852587Z
Netherlands Antilles Guilder,ANG,0.761927,0.761927,2026-02-28,2026-03-23T13:45:46.652355Z,2026-09-03T15:55:03.852587Z
Argentine Peso,ARS,0.000963,0.000963,2026-02-28,2026-03-23T13:45:46.652355Z,2026-09-03T15:55:03.852587Z
Australian Dollar,AUD,0.971948,0.971948,2026-02-28,2026-03-23T13:45:46.652355Z,2026-09-03T15:55:03.852587Z
Barbados Dollar,BBD,0.681925,0.681925,2026-02-28,2026-03-23T13:45:46.652355Z,2026-09-03T15:55:03.852587Z
Bermuda Dollar,BMD,1.363851,1.363851,2026-02-28,2026-03-23T13:45:46.652355Z,2026-09-03T15:55:03.852587Z
Brunei Dollar,BND,1.078271,1.078271,2026-02-28,2026-03-23T13:45:46.652355Z,2026-09-03T15:55:03.852587Z
Brazilian Real,BRL,0.265943,0.265943,2026-02-28,2026-03-23T13:45:46.652355Z,2026-09-03T15:55:03.852587Z
Bahamian Dollar,BSD,1.363851,1.363851,2026-02-28,2026-03-23T13:45:46.652355Z,2026-09-03T15:55:03.852587Z
Belize Dollar,BZD,0.681925,0.681925,2026-02-28,2026-03-23T13:45:46.652355Z,2026-09-03T15:55:03.852587Z
Swiss Franc,CHF,1.773421,1.773421,2026-02-28,2026-03-23T13:45:46.652355Z,2026-09-03T15:55:03.852587Z
Chilean Peso,CLP,0.00156,0.00156,2026-02-28,2026-03-23T13:45:46.652355Z,2026-09-03T15:55:03.852587Z
Chinese Renminbi (Offshore),CNH,0.198786,0.198786,2026-02-28,2026-03-23T13:45:46.652355Z,2026-09-03T15:55:03.852587Z
Chinese Yuan Renminbi,CNY,0.198937,0.198937,2026-02-28,2026-03-23T13:45:46.652355Z,2026-09-03T15:55:03.852587Z
Columbian Peso,COP,0.000363,0.000363,2026-02-28,2026-03-23T13:45:46.652355Z,2026-09-03T15:55:03.852587Z
Cuban Peso,CUP,0.056827,0.056827,2026-02-28,2026-03-23T13:45:46.652355Z,2026-09-03T15:55:03.852587Z
Czech Koruna,CZK,0.066473,0.066473,2026-02-28,2026-03-23T13:45:46.652355Z,2026-09-03T15:55:03.852587Z
Danish Krone,DKK,0.215526,0.215526,2026-02-28,2026-03-23T13:45:46.652355Z,2026-09-03T15:55:03.852587Z
Dominican Republic Peso,DOP,0.022599,0.022599,2026-02-28,2026-03-23T13:45:46.652355Z,2026-09-03T15:55:03.852587Z
Egyptian Pound,EGP,0.028443,0.028443,2026-02-28,2026-03-23T13:45:46.652355Z,2026-09-03T15:55:03.852587Z
European Monetary Unit,EUR,1.610298,1.610298,2026-02-28,2026-03-23T13:45:46.652355Z,2026-09-03T15:55:03.852587Z
Pound Sterling,GBP,1.833628,1.833628,2026-02-28,2026-03-23T13:45:46.652355Z,2026-09-03T15:55:03.852587Z
Guyana Dollar,GYD,0.006514,0.006514,2026-02-28,2026-03-23T13:45:46.652355Z,2026-09-03T15:55:03.852587Z
Hong Kong Dollar,HKD,0.174357,0.174357,2026-02-28,2026-03-23T13:45:46.652355Z,2026-09-03T15:55:03.852587Z
Haitian Gourde,HTG,0.010429,0.010429,2026-02-28,2026-03-23T13:45:46.652355Z,2026-09-03T15:55:03.852587Z
Hungarian Forint,HUF,0.004273,0.004273,2026-02-28,2026-03-23T13:45:46.652355Z,2026-09-03T15:55:03.852587Z
Indonesian Rupiah,IDR,0.000081,0.000081,2026-02-28,2026-03-23T13:45:46.652355Z,2026-09-03T15:55:03.852587Z
Israeli Shekel,ILS,0.434991,0.434991,2026-02-28,2026-03-23T13:45:46.652355Z,2026-09-03T15:55:03.852587Z
Indian Rupees,INR,0.014991,0.014991,2026-02-28,2026-03-23T13:45:46.652355Z,2026-09-03T15:55:03.852587Z
Jamaican Dollar,JMD,0.008719,0.008719,2026-02-28,2026-03-23T13:45:46.652355Z,2026-09-03T15:55:03.852587Z
Jordan Dinar,JOD,1.923624,1.923624,2026-02-28,2026-03-23T13:45:46.652355Z,2026-09-03T15:55:03.852587Z
Japanese Yen,JPY,0.008736,0.008736,2026-02-28,2026-03-23T13:45:46.652355Z,2026-09-03T15:55:03.852587Z
Kenya Shilling,KES,0.010572,0.010572,2026-02-28,2026-03-23T13:45:46.652355Z,2026-09-03T15:55:03.852587Z
Cambodia Riel,KHR,0.00034,0.00034,2026-02-28,2026-03-23T13:45:46.652355Z,2026-09-03T15:55:03.852587Z
South Korean Won,KRW,0.000948,0.000948,2026-02-28,2026-03-23T13:45:46.652355Z,2026-09-03T15:55:03.852587Z
Kuwait Dinar,KWD,4.445413,4.445413,2026-02-28,2026-03-23T13:45:46.652355Z,2026-09-03T15:55:03.852587Z
Cayman Island Dollar,KYD,1.663232,1.663232,2026-02-28,2026-03-23T13:45:46.652355Z,2026-09-03T15:55:03.852587Z
Sri Lanka Rupee,LKR,0.00441,0.00441,2026-02-28,2026-03-23T13:45:46.652355Z,2026-09-03T15:55:03.852587Z
Myanmar Kyat,MMK,0.000649,0.000649,2026-02-28,2026-03-23T13:45:46.652355Z,2026-09-03T15:55:03.852587Z
Macau Pataca,MOP,0.169278,0.169278,2026-02-28,2026-03-23T13:45:46.652355Z,2026-09-03T15:55:03.852587Z
Mexican Peso,MXN,0.079266,0.079266,2026-02-28,2026-03-23T13:45:46.652355Z,2026-09-03T15:55:03.852587Z
Malaysian Ringgit,MYR,0.350514,0.350514,2026-02-28,2026-03-23T13:45:46.652355Z,2026-09-03T15:55:03.852587Z
Norwegian Krone,NOK,0.143361,0.143361,2026-02-28,2026-03-23T13:45:46.652355Z,2026-09-03T15:55:03.852587Z
New Zealand Dollar,NZD,0.818378,0.818378,2026-02-28,2026-03-23T13:45:46.652355Z,2026-09-03T15:55:03.852587Z
Panamanian Balboa,PAB,1.363851,1.363851,2026-02-28,2026-03-23T13:45:46.652355Z,2026-09-03T15:55:03.852587Z
Philippine Peso,PHP,0.023651,0.023651,2026-02-28,2026-03-23T13:45:46.652355Z,2026-09-03T15:55:03.852587Z
Polish Zloty,PLN,0.381747,0.381747,2026-02-28,2026-03-23T13:45:46.652355Z,2026-09-03T15:55:03.852587Z
Romanian Leu,RON,0.3159,0.3159,2026-02-28,2026-03-23T13:45:46.652355Z,2026-09-03T15:55:03.852587Z
Swedish Krona,SEK,0.151159,0.151159,2026-02-28,2026-03-23T13:45:46.652355Z,2026-09-03T15:55:03.852587Z
Singapore Dollar,SGD,1.078271,1.078271,2026-02-28,2026-03-23T13:45:46.652355Z,2026-09-03T15:55:03.852587Z
Suriname Dollar,SRD,0.036155,0.036155,2026-02-28,2026-03-23T13:45:46.652355Z,2026-09-03T15:55:03.852587Z
Thai Baht,THB,0.043875,0.043875,2026-02-28,2026-03-23T13:45:46.652355Z,2026-09-03T15:55:03.852587Z
Trinidad and Tobago Dollar,TTD,0.202768,0.202768,2026-02-28,2026-03-23T13:45:46.652355Z,2026-09-03T15:55:03.852587Z
New Taiwan Dollar,TWD,0.043698,0.043698,2026-02-28,2026-03-23T13:45:46.652355Z,2026-09-03T15:55:03.852587Z
Tanzanian Shilling,TZS,0.000534,0.000534,2026-02-28,2026-03-23T13:45:46.652355Z,2026-09-03T15:55:03.852587Z
Uganda Shilling,UGX,0.000378,0.000378,2026-02-28,2026-03-23T13:45:46.652355Z,2026-09-03T15:55:03.852587Z
U.S.Dollar,USD,1.363851,1.363851,2026-02-28,2026-03-23T13:45:46.652355Z,2026-09-03T15:55:03.852587Z
Uruguayan Peso,UYU,0.035466,0.035466,2026-02-28,2026-03-23T13:45:46.652355Z,2026-09-03T15:55:03.852587Z
Vietnamese Dong,VND,0.000052,0.000052,2026-02-28,2026-03-23T13:45:46.652355Z,2026-09-03T15:55:03.852587Z
East Caribbean Dollar,XCD,0.50513,0.50513,2026-02-28,2026-03-23T13:45:46.652355Z,2026-09-03T15:55:03.852587Z
South African Rand,ZAR,0.085682,0.085682,2026-02-28,2026-03-23T13:45:46.652355Z,2026-09-03T15:55:03.852587Z
Zambian Kwacha,ZMW,0.072432,0.072432,2026-02-28,2026-03-23T13:45:46.652355Z,2026-09-03T15:55:03.852587Z
Zimbabwe Gold,ZWG,0.052917,0.052917,2026-02-28,2026-03-23T13:45:46.652355Z,2026-09-03T15:55:03.852587Z
United Arab Emirates Dirham,AED,0.370579,0.370579,2026-04-30,2026-05-01T09:07:54.551482Z,2026-09-03T15:55:03.852587Z
Netherlands Antilles Guilder,ANG,0.760391,0.760391,2026-04-30,2026-05-01T09:07:54.551482Z,2026-09-03T15:55:03.852587Z
Argentine Peso,ARS,0.000987,0.000987,2026-04-30,2026-05-01T09:07:54.551482Z,2026-09-03T15:55:03.852587Z
Australian Dollar,AUD,0.978563,0.978563,2026-04-30,2026-05-01T09:07:54.551482Z,2026-09-03T15:55:03.852587Z
Barbados Dollar,BBD,0.68055,0.68055,2026-04-30,2026-05-01T09:07:54.551482Z,2026-09-03T15:55:03.852587Z
Bermuda Dollar,BMD,1.3611,1.3611,2026-04-30,2026-05-01T09:07:54.551482Z,2026-09-03T15:55:03.852587Z
Brunei Dollar,BND,1.068745,1.068745,2026-04-30,2026-05-01T09:07:54.551482Z,2026-09-03T15:55:03.852587Z
Brazilian Real,BRL,0.273182,0.273182,2026-04-30,2026-05-01T09:07:54.551482Z,2026-09-03T15:55:03.852587Z
Bahamian Dollar,BSD,1.3611,1.3611,2026-04-30,2026-05-01T09:07:54.551482Z,2026-09-03T15:55:03.852587Z
Belize Dollar,BZD,0.68055,0.68055,2026-04-30,2026-05-01T09:07:54.551482Z,2026-09-03T15:55:03.852587Z
Swiss Franc,CHF,1.740426,1.740426,2026-04-30,2026-05-01T09:07:54.551482Z,2026-09-03T15:55:03.852587Z
Chilean Peso,CLP,0.001507,0.001507,2026-04-30,2026-05-01T09:07:54.551482Z,2026-09-03T15:55:03.852587Z
Chinese Renminbi (Offshore),CNH,0.199214,0.199214,2026-04-30,2026-05-01T09:07:54.551482Z,2026-09-03T15:55:03.852587Z
Chinese Yuan Renminbi,CNY,0.199176,0.199176,2026-04-30,2026-05-01T09:07:54.551482Z,2026-09-03T15:55:03.852587Z
Columbian Peso,COP,0.000375,0.000375,2026-04-30,2026-05-01T09:07:54.551482Z,2026-09-03T15:55:03.852587Z
Cuban Peso,CUP,0.056713,0.056713,2026-04-30,2026-05-01T09:07:54.551482Z,2026-09-03T15:55:03.852587Z
Czech Koruna,CZK,0.065519,0.065519,2026-04-30,2026-05-01T09:07:54.551482Z,2026-09-03T15:55:03.852587Z
Danish Krone,DKK,0.21367,0.21367,2026-04-30,2026-05-01T09:07:54.551482Z,2026-09-03T15:55:03.852587Z
Dominican Republic Peso,DOP,0.022924,0.022924,2026-04-30,2026-05-01T09:07:54.551482Z,2026-09-03T15:55:03.852587Z
Egyptian Pound,EGP,0.025384,0.025384,2026-04-30,2026-05-01T09:07:54.551482Z,2026-09-03T15:55:03.852587Z
European Monetary Unit,EUR,1.596638,1.596638,2026-04-30,2026-05-01T09:07:54.551482Z,2026-09-03T15:55:03.852587Z
Pound Sterling,GBP,1.849533,1.849533,2026-04-30,2026-05-01T09:07:54.551482Z,2026-09-03T15:55:03.852587Z
Guyana Dollar,GYD,0.006493,0.006493,2026-04-30,2026-05-01T09:07:54.551482Z,2026-09-03T15:55:03.852587Z
Hong Kong Dollar,HKD,0.173748,0.173748,2026-04-30,2026-05-01T09:07:54.551482Z,2026-09-03T15:55:03.852587Z
Haitian Gourde,HTG,0.01043,0.01043,2026-04-30,2026-05-01T09:07:54.551482Z,2026-09-03T15:55:03.852587Z
Hungarian Forint,HUF,0.00438,0.00438,2026-04-30,2026-05-01T09:07:54.551482Z,2026-09-03T15:55:03.852587Z
Indonesian Rupiah,IDR,0.000079,0.000079,2026-04-30,2026-05-01T09:07:54.551482Z,2026-09-03T15:55:03.852587Z
Israeli Shekel,ILS,0.461054,0.461054,2026-04-30,2026-05-01T09:07:54.551482Z,2026-09-03T15:55:03.852587Z
Indian Rupees,INR,0.01434,0.01434,2026-04-30,2026-05-01T09:07:54.551482Z,2026-09-03T15:55:03.852587Z
Jamaican Dollar,JMD,0.008659,0.008659,2026-04-30,2026-05-01T09:07:54.551482Z,2026-09-03T15:55:03.852587Z
Jordan Dinar,JOD,1.919747,1.919747,2026-04-30,2026-05-01T09:07:54.551482Z,2026-09-03T15:55:03.852587Z
Japanese Yen,JPY,0.008686,0.008686,2026-04-30,2026-05-01T09:07:54.551482Z,2026-09-03T15:55:03.852587Z
Kenya Shilling,KES,0.010539,0.010539,2026-04-30,2026-05-01T09:07:54.551482Z,2026-09-03T15:55:03.852587Z
Cambodia Riel,KHR,0.000339,0.000339,2026-04-30,2026-05-01T09:07:54.551482Z,2026-09-03T15:55:03.852587Z
South Korean Won,KRW,0.000918,0.000918,2026-04-30,2026-05-01T09:07:54.551482Z,2026-09-03T15:55:03.852587Z
Kuwait Dinar,KWD,4.426346,4.426346,2026-04-30,2026-05-01T09:07:54.551482Z,2026-09-03T15:55:03.852587Z
Cayman Island Dollar,KYD,1.659878,1.659878,2026-04-30,2026-05-01T09:07:54.551482Z,2026-09-03T15:55:03.852587Z
Sri Lanka Rupee,LKR,0.004259,0.004259,2026-04-30,2026-05-01T09:07:54.551482Z,2026-09-03T15:55:03.852587Z
Myanmar Kyat,MMK,0.000651,0.000651,2026-04-30,2026-05-01T09:07:54.551482Z,2026-09-03T15:55:03.852587Z
Macau Pataca,MOP,0.168688,0.168688,2026-04-30,2026-05-01T09:07:54.551482Z,2026-09-03T15:55:03.852587Z
Mexican Peso,MXN,0.077724,0.077724,2026-04-30,2026-05-01T09:07:54.551482Z,2026-09-03T15:55:03.852587Z
Malaysian Ringgit,MYR,0.342717,0.342717,2026-04-30,2026-05-01T09:07:54.551482Z,2026-09-03T15:55:03.852587Z
Norwegian Krone,NOK,0.146314,0.146314,2026-04-30,2026-05-01T09:07:54.551482Z,2026-09-03T15:55:03.852587Z
New Zealand Dollar,NZD,0.801348,0.801348,2026-04-30,2026-05-01T09:07:54.551482Z,2026-09-03T15:55:03.852587Z
Panamanian Balboa,PAB,1.3611,1.3611,2026-04-30,2026-05-01T09:07:54.551482Z,2026-09-03T15:55:03.852587Z
Philippine Peso,PHP,0.022141,0.022141,2026-04-30,2026-05-01T09:07:54.551482Z,2026-09-03T15:55:03.852587Z
Polish Zloty,PLN,0.375021,0.375021,2026-04-30,2026-05-01T09:07:54.551482Z,2026-09-03T15:55:03.852587Z
Romanian Leu,RON,0.307506,0.307506,2026-04-30,2026-05-01T09:07:54.551482Z,2026-09-03T15:55:03.852587Z
Swedish Krona,SEK,0.147116,0.147116,2026-04-30,2026-05-01T09:07:54.551482Z,2026-09-03T15:55:03.852587Z
Singapore Dollar,SGD,1.068745,1.068745,2026-04-30,2026-05-01T09:07:54.551482Z,2026-09-03T15:55:03.852587Z
Suriname Dollar,SRD,0.036231,0.036231,2026-04-30,2026-05-01T09:07:54.551482Z,2026-09-03T15:55:03.852587Z
Thai Baht,THB,0.041755,0.041755,2026-04-30,2026-05-01T09:07:54.551482Z,2026-09-03T15:55:03.852587Z
Trinidad and Tobago Dollar,TTD,0.200832,0.200832,2026-04-30,2026-05-01T09:07:54.551482Z,2026-09-03T15:55:03.852587Z
New Taiwan Dollar,TWD,0.042958,0.042958,2026-04-30,2026-05-01T09:07:54.551482Z,2026-09-03T15:55:03.852587Z
Tanzanian Shilling,TZS,0.000522,0.000522,2026-04-30,2026-05-01T09:07:54.551482Z,2026-09-03T15:55:03.852587Z
Uganda Shilling,UGX,0.000361,0.000361,2026-04-30,2026-05-01T09:07:54.551482Z,2026-09-03T15:55:03.852587Z
U.S.Dollar,USD,1.3611,1.3611,2026-04-30,2026-05-01T09:07:54.551482Z,2026-09-03T15:55:03.852587Z
Uruguayan Peso,UYU,0.03377,0.03377,2026-04-30,2026-05-01T09:07:54.551482Z,2026-09-03T15:55:03.852587Z
Vietnamese Dong,VND,0.000052,0.000052,2026-04-30,2026-05-01T09:07:54.551482Z,2026-09-03T15:55:03.852587Z
East Caribbean Dollar,XCD,0.504111,0.504111,2026-04-30,2026-05-01T09:07:54.551482Z,2026-09-03T15:55:03.852587Z
South African Rand,ZAR,0.081503,0.081503,2026-04-30,2026-05-01T09:07:54.551482Z,2026-09-03T15:55:03.852587Z
Zambian Kwacha,ZMW,0.072884,0.072884,2026-04-30,2026-05-01T09:07:54.551482Z,2026-09-03T15:55:03.852587Z
Zimbabwe Gold,ZWG,0.052656,0.052656,2026-04-30,2026-05-01T09:07:54.551482Z,2026-09-03T15:55:03.852587Z
United Arab Emirates Dirham,AED,0.376807,0.386291,2026-06-30,2026-07-01T09:03:12.593604Z,2026-09-03T15:55:03.852587Z
Netherlands Antilles Guilder,ANG,0.773172,0.792598,2026-06-30,2026-07-01T09:03:12.593604Z,2026-09-03T15:55:03.852587Z
Argentine Peso,ARS,0.000982,0.000958,2026-06-30,2026-07-01T09:03:12.593604Z,2026-09-03T15:55:03.852587Z
Australian Dollar,AUD,0.98264,0.98291,2026-06-30,2026-07-01T09:03:12.593604Z,2026-09-03T15:55:03.852587Z
Barbados Dollar,BBD,0.691988,0.709375,2026-06-30,2026-07-01T09:03:12.593604Z,2026-09-03T15:55:03.852587Z
Bermuda Dollar,BMD,1.383982,1.41875,2026-06-30,2026-07-01T09:03:12.593604Z,2026-09-03T15:55:03.852587Z
Brunei Dollar,BND,1.081475,1.096872,2026-06-30,2026-07-01T09:03:12.593604Z,2026-09-03T15:55:03.852587Z
Brazilian Real,BRL,0.274084,0.274104,2026-06-30,2026-07-01T09:03:12.593604Z,2026-09-03T15:55:03.852587Z
Bahamian Dollar,BSD,1.383982,1.41875,2026-06-30,2026-07-01T09:03:12.593604Z,2026-09-03T15:55:03.852587Z
Belize Dollar,BZD,0.691988,0.709375,2026-06-30,2026-07-01T09:03:12.593604Z,2026-09-03T15:55:03.852587Z
Swiss Franc,CHF,1.751694,1.758817,2026-06-30,2026-07-01T09:03:12.593604Z,2026-09-03T15:55:03.852587Z
Chilean Peso,CLP,0.001537,0.001539,2026-06-30,2026-07-01T09:03:12.593604Z,2026-09-03T15:55:03.852587Z
Chinese Renminbi (Offshore),CNH,0.203347,0.209009,2026-06-30,2026-07-01T09:03:12.593604Z,2026-09-03T15:55:03.852587Z
Chinese Yuan Renminbi,CNY,0.203364,0.209089,2026-06-30,2026-07-01T09:03:12.593604Z,2026-09-03T15:55:03.852587Z
Columbian Peso,COP,0.000384,0.000411,2026-06-30,2026-07-01T09:03:12.593604Z,2026-09-03T15:55:03.852587Z
Cuban Peso,CUP,0.057666,0.059115,2026-06-30,2026-07-01T09:03:12.593604Z,2026-09-03T15:55:03.852587Z
Czech Koruna,CZK,0.066241,0.066841,2026-06-30,2026-07-01T09:03:12.593604Z,2026-09-03T15:55:03.852587Z
Danish Krone,DKK,0.215388,0.217001,2026-06-30,2026-07-01T09:03:12.593604Z,2026-09-03T15:55:03.852587Z
Dominican Republic Peso,DOP,0.023344,0.023801,2026-06-30,2026-07-01T09:03:12.593604Z,2026-09-03T15:55:03.852587Z
Egyptian Pound,EGP,0.026525,0.028842,2026-06-30,2026-07-01T09:03:12.593604Z,2026-09-03T15:55:03.852587Z
European Monetary Unit,EUR,1.609671,1.622057,2026-06-30,2026-07-01T09:03:12.593604Z,2026-09-03T15:55:03.852587Z
Pound Sterling,GBP,1.858339,1.883033,2026-06-30,2026-07-01T09:03:12.593604Z,2026-09-03T15:55:03.852587Z
Guyana Dollar,GYD,0.006617,0.006805,2026-06-30,2026-07-01T09:03:12.593604Z,2026-09-03T15:55:03.852587Z
Hong Kong Dollar,HKD,0.176641,0.180916,2026-06-30,2026-07-01T09:03:12.593604Z,2026-09-03T15:55:03.852587Z
Haitian Gourde,HTG,0.010601,0.010867,2026-06-30,2026-07-01T09:03:12.593604Z,2026-09-03T15:55:03.852587Z
Hungarian Forint,HUF,0.004462,0.004557,2026-06-30,2026-07-01T09:03:12.593604Z,2026-09-03T15:55:03.852587Z
Indonesian Rupiah,IDR,0.000079,0.000079,2026-06-30,2026-07-01T09:03:12.593604Z,2026-09-03T15:55:03.852587Z
Israeli Shekel,ILS,0.468153,0.476178,2026-06-30,2026-07-01T09:03:12.593604Z,2026-09-03T15:55:03.852587Z
Indian Rupees,INR,0.01462,0.014988,2026-06-30,2026-07-01T09:03:12.593604Z,2026-09-03T15:55:03.852587Z
Jamaican Dollar,JMD,0.008779,0.009008,2026-06-30,2026-07-01T09:03:12.593604Z,2026-09-03T15:55:03.852587Z
Jordan Dinar,JOD,1.952084,2.001057,2026-06-30,2026-07-01T09:03:12.593604Z,2026-09-03T15:55:03.852587Z
Japanese Yen,JPY,0.008686,0.008729,2026-06-30,2026-07-01T09:03:12.593604Z,2026-09-03T15:55:03.852587Z
Kenya Shilling,KES,0.010695,0.01096,2026-06-30,2026-07-01T09:03:12.593604Z,2026-09-03T15:55:03.852587Z
Cambodia Riel,KHR,0.000345,0.000353,2026-06-30,2026-07-01T09:03:12.593604Z,2026-09-03T15:55:03.852587Z
South Korean Won,KRW,0.000922,0.000916,2026-06-30,2026-07-01T09:03:12.593604Z,2026-09-03T15:55:03.852587Z
Kuwait Dinar,KWD,4.48521,4.579572,2026-06-30,2026-07-01T09:03:12.593604Z,2026-09-03T15:55:03.852587Z
Cayman Island Dollar,KYD,1.687778,1.730182,2026-06-30,2026-07-01T09:03:12.593604Z,2026-09-03T15:55:03.852587Z
Sri Lanka Rupee,LKR,0.004248,0.004224,2026-06-30,2026-07-01T09:03:12.593604Z,2026-09-03T15:55:03.852587Z
Myanmar Kyat,MMK,0.000659,0.000676,2026-06-30,2026-07-01T09:03:12.593604Z,2026-09-03T15:55:03.852587Z
Macau Pataca,MOP,0.171496,0.175645,2026-06-30,2026-07-01T09:03:12.593604Z,2026-09-03T15:55:03.852587Z
Mexican Peso,MXN,0.079619,0.081193,2026-06-30,2026-07-01T09:03:12.593604Z,2026-09-03T15:55:03.852587Z
Malaysian Ringgit,MYR,0.346035,0.347946,2026-06-30,2026-07-01T09:03:12.593604Z,2026-09-03T15:55:03.852587Z
Norwegian Krone,NOK,0.146757,0.143373,2026-06-30,2026-07-01T09:03:12.593604Z,2026-09-03T15:55:03.852587Z
New Zealand Dollar,NZD,0.808674,0.807056,2026-06-30,2026-07-01T09:03:12.593604Z,2026-09-03T15:55:03.852587Z
Panamanian Balboa,PAB,1.383982,1.41875,2026-06-30,2026-07-01T09:03:12.593604Z,2026-09-03T15:55:03.852587Z
Philippine Peso,PHP,0.022697,0.023118,2026-06-30,2026-07-01T09:03:12.593604Z,2026-09-03T15:55:03.852587Z
Polish Zloty,PLN,0.378779,0.377443,2026-06-30,2026-07-01T09:03:12.593604Z,2026-09-03T15:55:03.852587Z
Romanian Leu,RON,0.310161,0.309629,2026-06-30,2026-07-01T09:03:12.593604Z,2026-09-03T15:55:03.852587Z
Swedish Krona,SEK,0.147869,0.146593,2026-06-30,2026-07-01T09:03:12.593604Z,2026-09-03T15:55:03.852587Z
Singapore Dollar,SGD,1.081475,1.096872,2026-06-30,2026-07-01T09:03:12.593604Z,2026-09-03T15:55:03.852587Z
Suriname Dollar,SRD,0.036992,0.037829,2026-06-30,2026-07-01T09:03:12.593604Z,2026-09-03T15:55:03.852587Z
Thai Baht,THB,0.04249,0.042707,2026-06-30,2026-07-01T09:03:12.593604Z,2026-09-03T15:55:03.852587Z
Trinidad and Tobago Dollar,TTD,0.204851,0.210132,2026-06-30,2026-07-01T09:03:12.593604Z,2026-09-03T15:55:03.852587Z
New Taiwan Dollar,TWD,0.043788,0.044536,2026-06-30,2026-07-01T09:03:12.593604Z,2026-09-03T15:55:03.852587Z
Tanzanian Shilling,TZS,0.00053,0.000538,2026-06-30,2026-07-01T09:03:12.593604Z,2026-09-03T15:55:03.852587Z
Uganda Shilling,UGX,0.000371,0.000387,2026-06-30,2026-07-01T09:03:12.593604Z,2026-09-03T15:55:03.852587Z
U.S.Dollar,USD,1.383982,1.41875,2026-06-30,2026-07-01T09:03:12.593604Z,2026-09-03T15:55:03.852587Z
Uruguayan Peso,UYU,0.034495,0.035297,2026-06-30,2026-07-01T09:03:12.593604Z,2026-09-03T15:55:03.852587Z
Vietnamese Dong,VND,0.000053,0.000054,2026-06-30,2026-07-01T09:03:12.593604Z,2026-09-03T15:55:03.852587Z
East Caribbean Dollar,XCD,0.512584,0.525463,2026-06-30,2026-07-01T09:03:12.593604Z,2026-09-03T15:55:03.852587Z
South African Rand,ZAR,0.084014,0.086562,2026-06-30,2026-07-01T09:03:12.593604Z,2026-09-03T15:55:03.852587Z
Zambian Kwacha,ZMW,0.074489,0.078455,2026-06-30,2026-07-01T09:03:12.593604Z,2026-09-03T15:55:03.852587Z
Zimbabwe Gold,ZWG,0.052787,0.052998,2026-06-30,2026-07-01T09:03:12.593604Z,2026-09-03T15:55:03.852587Z
United Arab Emirates Dirham,AED,0.37744,0.37744,2026-08-31,2026-09-01T09:21:10.828359Z,2026-09-03T15:55:03.852587Z
Netherlands Antilles Guilder,ANG,0.774469,0.774469,2026-08-31,2026-09-01T09:21:10.828359Z,2026-09-03T15:55:03.852587Z
Argentine Peso,ARS,0.000918,0.000918,2026-08-31,2026-09-01T09:21:10.828359Z,2026-09-03T15:55:03.852587Z
Australian Dollar,AUD,0.993492,0.993492,2026-08-31,2026-09-01T09:21:10.828359Z,2026-09-03T15:55:03.852587Z
Barbados Dollar,BBD,0.69315,0.69315,2026-08-31,2026-09-01T09:21:10.828359Z,2026-09-03T15:55:03.852587Z
Bermuda Dollar,BMD,1.386299,1.386299,2026-08-31,2026-09-01T09:21:10.828359Z,2026-09-03T15:55:03.852587Z
Brunei Dollar,BND,1.089902,1.089902,2026-08-31,2026-09-01T09:21:10.828359Z,2026-09-03T15:55:03.852587Z
Brazilian Real,BRL,0.267584,0.267584,2026-08-31,2026-09-01T09:21:10.828359Z,2026-09-03T15:55:03.852587Z
Bahamian Dollar,BSD,1.386299,1.386299,2026-08-31,2026-09-01T09:21:10.828359Z,2026-09-03T15:55:03.852587Z
Belize Dollar,BZD,0.69315,0.69315,2026-08-31,2026-09-01T09:21:10.828359Z,2026-09-03T15:55:03.852587Z
Swiss Franc,CHF,1.715825,1.715825,2026-08-31,2026-09-01T09:21:10.828359Z,2026-09-03T15:55:03.852587Z
Chilean Peso,CLP,0.001485,0.001485,2026-08-31,2026-09-01T09:21:10.828359Z,2026-09-03T15:55:03.852587Z
Chinese Renminbi (Offshore),CNH,0.206356,0.206356,2026-08-31,2026-09-01T09:21:10.828359Z,2026-09-03T15:55:03.852587Z
Chinese Yuan Renminbi,CNY,0.206299,0.206299,2026-08-31,2026-09-01T09:21:10.828359Z,2026-09-03T15:55:03.852587Z
Columbian Peso,COP,0.000431,0.000431,2026-08-31,2026-09-01T09:21:10.828359Z,2026-09-03T15:55:03.852587Z
Cuban Peso,CUP,0.057763,0.057763,2026-08-31,2026-09-01T09:21:10.828359Z,2026-09-03T15:55:03.852587Z
Czech Koruna,CZK,0.066665,0.066665,2026-08-31,2026-09-01T09:21:10.828359Z,2026-09-03T15:55:03.852587Z
Danish Krone,DKK,0.215421,0.215421,2026-08-31,2026-09-01T09:21:10.828359Z,2026-09-03T15:55:03.852587Z
Dominican Republic Peso,DOP,0.023509,0.023509,2026-08-31,2026-09-01T09:21:10.828359Z,2026-09-03T15:55:03.852587Z
Egyptian Pound,EGP,0.027279,0.027279,2026-08-31,2026-09-01T09:21:10.828359Z,2026-09-03T15:55:03.852587Z
European Monetary Unit,EUR,1.610324,1.610324,2026-08-31,2026-09-01T09:21:10.828359Z,2026-09-03T15:55:03.852587Z
Pound Sterling,GBP,1.879544,1.879544,2026-08-31,2026-09-01T09:21:10.828359Z,2026-09-03T15:55:03.852587Z
Guyana Dollar,GYD,0.006649,0.006649,2026-08-31,2026-09-01T09:21:10.828359Z,2026-09-03T15:55:03.852587Z
Hong Kong Dollar,HKD,0.17684,0.17684,2026-08-31,2026-09-01T09:21:10.828359Z,2026-09-03T15:55:03.852587Z
Haitian Gourde,HTG,0.010622,0.010622,2026-08-31,2026-09-01T09:21:10.828359Z,2026-09-03T15:55:03.852587Z
Hungarian Forint,HUF,0.004408,0.004408,2026-08-31,2026-09-01T09:21:10.828359Z,2026-09-03T15:55:03.852587Z
Indonesian Rupiah,IDR,0.000078,0.000078,2026-08-31,2026-09-01T09:21:10.828359Z,2026-09-03T15:55:03.852587Z
Israeli Shekel,ILS,0.462447,0.462447,2026-08-31,2026-09-01T09:21:10.828359Z,2026-09-03T15:55:03.852587Z
Indian Rupees,INR,0.014565,0.014565,2026-08-31,2026-09-01T09:21:10.828359Z,2026-09-03T15:55:03.852587Z
Jamaican Dollar,JMD,0.008802,0.008802,2026-08-31,2026-09-01T09:21:10.828359Z,2026-09-03T15:55:03.852587Z
Jordan Dinar,JOD,1.95529,1.95529,2026-08-31,2026-09-01T09:21:10.828359Z,2026-09-03T15:55:03.852587Z
Japanese Yen,JPY,0.008681,0.008681,2026-08-31,2026-09-01T09:21:10.828359Z,2026-09-03T15:55:03.852587Z
Kenya Shilling,KES,0.010709,0.010709,2026-08-31,2026-09-01T09:21:10.828359Z,2026-09-03T15:55:03.852587Z
Cambodia Riel,KHR,0.000342,0.000342,2026-08-31,2026-09-01T09:21:10.828359Z,2026-09-03T15:55:03.852587Z
South Korean Won,KRW,0.001013,0.001013,2026-08-31,2026-09-01T09:21:10.828359Z,2026-09-03T15:55:03.852587Z
Kuwait Dinar,KWD,4.486417,4.486417,2026-08-31,2026-09-01T09:21:10.828359Z,2026-09-03T15:55:03.852587Z
Cayman Island Dollar,KYD,1.690609,1.690609,2026-08-31,2026-09-01T09:21:10.828359Z,2026-09-03T15:55:03.852587Z
Kazakhstani Tenge,KZT,0.003013,0.003013,2026-08-31,2026-09-01T09:21:10.828359Z,2026-09-03T15:55:03.852587Z
Sri Lanka Rupee,LKR,0.004223,0.004223,2026-08-31,2026-09-01T09:21:10.828359Z,2026-09-03T15:55:03.852587Z
Myanmar Kyat,MMK,0.000659,0.000659,2026-08-31,2026-09-01T09:21:10.828359Z,2026-09-03T15:55:03.852587Z
Macau Pataca,MOP,0.171689,0.171689,2026-08-31,2026-09-01T09:21:10.828359Z,2026-09-03T15:55:03.852587Z
Mexican Peso,MXN,0.081395,0.081395,2026-08-31,2026-09-01T09:21:10.828359Z,2026-09-03T15:55:03.852587Z
Malaysian Ringgit,MYR,0.344337,0.344337,2026-08-31,2026-09-01T09:21:10.828359Z,2026-09-03T15:55:03.852587Z
Nigerian Naira,NGN,0.001037,0.001037,2026-08-31,2026-09-01T09:21:10.828359Z,2026-09-03T15:55:03.852587Z
Norwegian Krone,NOK,0.148274,0.148274,2026-08-31,2026-09-01T09:21:10.828359Z,2026-09-03T15:55:03.852587Z
New Zealand Dollar,NZD,0.820066,0.820066,2026-08-31,2026-09-01T09:21:10.828359Z,2026-09-03T15:55:03.852587Z
Panamanian Balboa,PAB,1.386299,1.386299,2026-08-31,2026-09-01T09:21:10.828359Z,2026-09-03T15:55:03.852587Z
Philippine Peso,PHP,0.022267,0.022267,2026-08-31,2026-09-01T09:21:10.828359Z,2026-09-03T15:55:03.852587Z
Polish Zloty,PLN,0.371857,0.371857,2026-08-31,2026-09-01T09:21:10.828359Z,2026-09-03T15:55:03.852587Z
Romanian Leu,RON,0.306199,0.306199,2026-08-31,2026-09-01T09:21:10.828359Z,2026-09-03T15:55:03.852587Z
Swedish Krona,SEK,0.144573,0.144573,2026-08-31,2026-09-01T09:21:10.828359Z,2026-09-03T15:55:03.852587Z
Singapore Dollar,SGD,1.089902,1.089902,2026-08-31,2026-09-01T09:21:10.828359Z,2026-09-03T15:55:03.852587Z
Suriname Dollar,SRD,0.036615,0.036615,2026-08-31,2026-09-01T09:21:10.828359Z,2026-09-03T15:55:03.852587Z
Thai Baht,THB,0.041806,0.041806,2026-08-31,2026-09-01T09:21:10.828359Z,2026-09-03T15:55:03.852587Z
Trinidad and Tobago Dollar,TTD,0.206121,0.206121,2026-08-31,2026-09-01T09:21:10.828359Z,2026-09-03T15:55:03.852587Z
New Taiwan Dollar,TWD,0.043702,0.043702,2026-08-31,2026-09-01T09:21:10.828359Z,2026-09-03T15:55:03.852587Z
Tanzanian Shilling,TZS,0.000524,0.000524,2026-08-31,2026-09-01T09:21:10.828359Z,2026-09-03T15:55:03.852587Z
Uganda Shilling,UGX,0.000366,0.000366,2026-08-31,2026-09-01T09:21:10.828359Z,2026-09-03T15:55:03.852587Z
U.S.Dollar,USD,1.386299,1.386299,2026-08-31,2026-09-01T09:21:10.828359Z,2026-09-03T15:55:03.852587Z
Uruguayan Peso,UYU,0.034395,0.034395,2026-08-31,2026-09-01T09:21:10.828359Z,2026-09-03T15:55:03.852587Z
Vietnamese Dong,VND,0.000053,0.000053,2026-08-31,2026-09-01T09:21:10.828359Z,2026-09-03T15:55:03.852587Z
East Caribbean Dollar,XCD,0.513445,0.513445,2026-08-31,2026-09-01T09:21:10.828359Z,2026-09-03T15:55:03.852587Z
South African Rand,ZAR,0.085939,0.085939,2026-08-31,2026-09-01T09:21:10.828359Z,2026-09-03T15:55:03.852587Z
Zambian Kwacha,ZMW,0.072638,0.072638,2026-08-31,2026-09-01T09:21:10.828359Z,2026-09-03T15:55:03.852587Z
Zimbabwe Gold,ZWG,0.051987,0.051987,2026-08-31,2026-09-01T09:21:10.828359Z,2026-09-03T15:55:03.852587Z
United Arab Emirates Dirham,AED,0.379514,0.373206,2025-12-31,2026-03-04T12:09:24.130547Z,2026-09-03T15:55:03.852587Z
Netherlands Antilles Guilder,ANG,0.778732,0.765782,2025-12-31,2026-03-04T12:09:24.130547Z,2026-09-03T15:55:03.852587Z
Argentine Peso,ARS,0.00097,0.000944,2025-12-31,2026-03-04T12:09:24.130547Z,2026-09-03T15:55:03.852587Z
Australian Dollar,AUD,0.91537,0.914084,2025-12-31,2026-03-04T12:09:24.130547Z,2026-09-03T15:55:03.852587Z
Barbados Dollar,BBD,0.696965,0.685375,2025-12-31,2026-03-04T12:09:24.130547Z,2026-09-03T15:55:03.852587Z
Bermuda Dollar,BMD,1.393934,1.370749,2025-12-31,2026-03-04T12:09:24.130547Z,2026-09-03T15:55:03.852587Z
Brunei Dollar,BND,1.075653,1.065901,2025-12-31,2026-03-04T12:09:24.130547Z,2026-09-03T15:55:03.852587Z
Brazilian Real,BRL,0.258343,0.250148,2025-12-31,2026-03-04T12:09:24.130547Z,2026-09-03T15:55:03.852587Z
Bahamian Dollar,BSD,1.393934,1.370749,2025-12-31,2026-03-04T12:09:24.130547Z,2026-09-03T15:55:03.852587Z
Belize Dollar,BZD,0.696965,0.685375,2025-12-31,2026-03-04T12:09:24.130547Z,2026-09-03T15:55:03.852587Z
Swiss Franc,CHF,1.744452,1.7302,2025-12-31,2026-03-04T12:09:24.130547Z,2026-09-03T15:55:03.852587Z
Chilean Peso,CLP,0.001493,0.00152,2025-12-31,2026-03-04T12:09:24.130547Z,2026-09-03T15:55:03.852587Z
Chinese Renminbi (Offshore),CNH,0.196613,0.196384,2025-12-31,2026-03-04T12:09:24.130547Z,2026-09-03T15:55:03.852587Z
Chinese Yuan Renminbi,CNY,0.196632,0.196153,2025-12-31,2026-03-04T12:09:24.130547Z,2026-09-03T15:55:03.852587Z
Columbian Peso,COP,0.000365,0.000363,2025-12-31,2026-03-04T12:09:24.130547Z,2026-09-03T15:55:03.852587Z
Cuban Peso,CUP,0.05808,0.057115,2025-12-31,2026-03-04T12:09:24.130547Z,2026-09-03T15:55:03.852587Z
Czech Koruna,CZK,0.066863,0.066601,2025-12-31,2026-03-04T12:09:24.130547Z,2026-09-03T15:55:03.852587Z
Danish Krone,DKK,0.217287,0.21554,2025-12-31,2026-03-04T12:09:24.130547Z,2026-09-03T15:55:03.852587Z
Dominican Republic Peso,DOP,0.021989,0.021737,2025-12-31,2026-03-04T12:09:24.130547Z,2026-09-03T15:55:03.852587Z
Egyptian Pound,EGP,0.02935,0.028737,2025-12-31,2026-03-04T12:09:24.130547Z,2026-09-03T15:55:03.852587Z
European Monetary Unit,EUR,1.6228,1.609878,2025-12-31,2026-03-04T12:09:24.130547Z,2026-09-03T15:55:03.852587Z
Pound Sterling,GBP,1.854441,1.843726,2025-12-31,2026-03-04T12:09:24.130547Z,2026-09-03T15:55:03.852587Z
Guyana Dollar,GYD,0.006663,0.006554,2025-12-31,2026-03-04T12:09:24.130547Z,2026-09-03T15:55:03.852587Z
Hong Kong Dollar,HKD,0.179222,0.17611,2025-12-31,2026-03-04T12:09:24.130547Z,2026-09-03T15:55:03.852587Z
Haitian Gourde,HTG,0.010668,0.010489,2025-12-31,2026-03-04T12:09:24.130547Z,2026-09-03T15:55:03.852587Z
Hungarian Forint,HUF,0.004199,0.004193,2025-12-31,2026-03-04T12:09:24.130547Z,2026-09-03T15:55:03.852587Z
Indonesian Rupiah,IDR,0.000084,0.000082,2025-12-31,2026-03-04T12:09:24.130547Z,2026-09-03T15:55:03.852587Z
Israeli Shekel,ILS,0.428691,0.430093,2025-12-31,2026-03-04T12:09:24.130547Z,2026-09-03T15:55:03.852587Z
Indian Rupees,INR,0.015644,0.015251,2025-12-31,2026-03-04T12:09:24.130547Z,2026-09-03T15:55:03.852587Z
Jamaican Dollar,JMD,0.008697,0.008626,2025-12-31,2026-03-04T12:09:24.130547Z,2026-09-03T15:55:03.852587Z
Jordan Dinar,JOD,1.967079,1.933357,2025-12-31,2026-03-04T12:09:24.130547Z,2026-09-03T15:55:03.852587Z
Japanese Yen,JPY,0.009047,0.008745,2025-12-31,2026-03-04T12:09:24.130547Z,2026-09-03T15:55:03.852587Z
Kenya Shilling,KES,0.010788,0.010626,2025-12-31,2026-03-04T12:09:24.130547Z,2026-09-03T15:55:03.852587Z
Cambodia Riel,KHR,0.000347,0.000342,2025-12-31,2026-03-04T12:09:24.130547Z,2026-09-03T15:55:03.852587Z
South Korean Won,KRW,0.000963,0.000952,2025-12-31,2026-03-04T12:09:24.130547Z,2026-09-03T15:55:03.852587Z
Kuwait Dinar,KWD,4.542729,4.457719,2025-12-31,2026-03-04T12:09:24.130547Z,2026-09-03T15:55:03.852587Z
Cayman Island Dollar,KYD,1.699914,1.671645,2025-12-31,2026-03-04T12:09:24.130547Z,2026-09-03T15:55:03.852587Z
Sri Lanka Rupee,LKR,0.004552,0.004427,2025-12-31,2026-03-04T12:09:24.130547Z,2026-09-03T15:55:03.852587Z
Myanmar Kyat,MMK,0.000663,0.000652,2025-12-31,2026-03-04T12:09:24.130547Z,2026-09-03T15:55:03.852587Z
Macau Pataca,MOP,0.174002,0.17098,2025-12-31,2026-03-04T12:09:24.130547Z,2026-09-03T15:55:03.852587Z
Mexican Peso,MXN,0.076178,0.07624,2025-12-31,2026-03-04T12:09:24.130547Z,2026-09-03T15:55:03.852587Z
Malaysian Ringgit,MYR,0.335661,0.33779,2025-12-31,2026-03-04T12:09:24.130547Z,2026-09-03T15:55:03.852587Z
Norwegian Krone,NOK,0.138142,0.135895,2025-12-31,2026-03-04T12:09:24.130547Z,2026-09-03T15:55:03.852587Z
New Zealand Dollar,NZD,0.799833,0.78825,2025-12-31,2026-03-04T12:09:24.130547Z,2026-09-03T15:55:03.852587Z
Panamanian Balboa,PAB,1.393934,1.370749,2025-12-31,2026-03-04T12:09:24.130547Z,2026-09-03T15:55:03.852587Z
Philippine Peso,PHP,0.023746,0.023299,2025-12-31,2026-03-04T12:09:24.130547Z,2026-09-03T15:55:03.852587Z
Polish Zloty,PLN,0.383133,0.381272,2025-12-31,2026-03-04T12:09:24.130547Z,2026-09-03T15:55:03.852587Z
Romanian Leu,RON,0.318911,0.316023,2025-12-31,2026-03-04T12:09:24.130547Z,2026-09-03T15:55:03.852587Z
Swedish Krona,SEK,0.148247,0.148691,2025-12-31,2026-03-04T12:09:24.130547Z,2026-09-03T15:55:03.852587Z
Singapore Dollar,SGD,1.075653,1.065901,2025-12-31,2026-03-04T12:09:24.130547Z,2026-09-03T15:55:03.852587Z
Suriname Dollar,SRD,0.036083,0.035953,2025-12-31,2026-03-04T12:09:24.130547Z,2026-09-03T15:55:03.852587Z
Thai Baht,THB,0.043334,0.043509,2025-12-31,2026-03-04T12:09:24.130547Z,2026-09-03T15:55:03.852587Z
Trinidad and Tobago Dollar,TTD,0.206598,0.202535,2025-12-31,2026-03-04T12:09:24.130547Z,2026-09-03T15:55:03.852587Z
New Taiwan Dollar,TWD,0.044894,0.043626,2025-12-31,2026-03-04T12:09:24.130547Z,2026-09-03T15:55:03.852587Z
Tanzanian Shilling,TZS,0.000568,0.000557,2025-12-31,2026-03-04T12:09:24.130547Z,2026-09-03T15:55:03.852587Z
Uganda Shilling,UGX,0.000394,0.000379,2025-12-31,2026-03-04T12:09:24.130547Z,2026-09-03T15:55:03.852587Z
U.S.Dollar,USD,1.393934,1.370749,2025-12-31,2026-03-04T12:09:24.130547Z,2026-09-03T15:55:03.852587Z
Uruguayan Peso,UYU,0.035186,0.035098,2025-12-31,2026-03-04T12:09:24.130547Z,2026-09-03T15:55:03.852587Z
Vietnamese Dong,VND,0.000053,0.000052,2025-12-31,2026-03-04T12:09:24.130547Z,2026-09-03T15:55:03.852587Z
East Caribbean Dollar,XCD,0.516271,0.507685,2025-12-31,2026-03-04T12:09:24.130547Z,2026-09-03T15:55:03.852587Z
South African Rand,ZAR,0.081492,0.082725,2025-12-31,2026-03-04T12:09:24.130547Z,2026-09-03T15:55:03.852587Z
Zambian Kwacha,ZMW,0.061205,0.061955,2025-12-31,2026-03-04T12:09:24.130547Z,2026-09-03T15:55:03.852587Z
Zimbabwe Gold,ZWG,0.052676,0.05276,2025-12-31,2026-03-04T12:09:24.130547Z,2026-09-03T15:55:03.852587Z
United Arab Emirates Dirham,AED,0.379514,0.373206,2025-12-31,2026-04-30T11:19:37.061155Z,2026-09-03T15:55:03.852587Z
Netherlands Antilles Guilder,ANG,0.778732,0.765782,2025-12-31,2026-04-30T11:19:37.061155Z,2026-09-03T15:55:03.852587Z
Argentine Peso,ARS,0.00097,0.000944,2025-12-31,2026-04-30T11:19:37.061155Z,2026-09-03T15:55:03.852587Z
Australian Dollar,AUD,0.91537,0.914084,2025-12-31,2026-04-30T11:19:37.061155Z,2026-09-03T15:55:03.852587Z
Barbados Dollar,BBD,0.696965,0.685375,2025-12-31,2026-04-30T11:19:37.061155Z,2026-09-03T15:55:03.852587Z
Bermuda Dollar,BMD,1.393934,1.370749,2025-12-31,2026-04-30T11:19:37.061155Z,2026-09-03T15:55:03.852587Z
Brunei Dollar,BND,1.075653,1.065901,2025-12-31,2026-04-30T11:19:37.061155Z,2026-09-03T15:55:03.852587Z
Brazilian Real,BRL,0.258343,0.250148,2025-12-31,2026-04-30T11:19:37.061155Z,2026-09-03T15:55:03.852587Z
Bahamian Dollar,BSD,1.393934,1.370749,2025-12-31,2026-04-30T11:19:37.061155Z,2026-09-03T15:55:03.852587Z
Belize Dollar,BZD,0.696965,0.685375,2025-12-31,2026-04-30T11:19:37.061155Z,2026-09-03T15:55:03.852587Z
Swiss Franc,CHF,1.744452,1.7302,2025-12-31,2026-04-30T11:19:37.061155Z,2026-09-03T15:55:03.852587Z
Chilean Peso,CLP,0.001493,0.00152,2025-12-31,2026-04-30T11:19:37.061155Z,2026-09-03T15:55:03.852587Z
Chinese Renminbi (Offshore),CNH,0.196613,0.196384,2025-12-31,2026-04-30T11:19:37.061155Z,2026-09-03T15:55:03.852587Z
Chinese Yuan Renminbi,CNY,0.196632,0.196153,2025-12-31,2026-04-30T11:19:37.061155Z,2026-09-03T15:55:03.852587Z
Columbian Peso,COP,0.000365,0.000363,2025-12-31,2026-04-30T11:19:37.061155Z,2026-09-03T15:55:03.852587Z
Cuban Peso,CUP,0.05808,0.057115,2025-12-31,2026-04-30T11:19:37.061155Z,2026-09-03T15:55:03.852587Z
Czech Koruna,CZK,0.066863,0.066601,2025-12-31,2026-04-30T11:19:37.061155Z,2026-09-03T15:55:03.852587Z
Danish Krone,DKK,0.217287,0.21554,2025-12-31,2026-04-30T11:19:37.061155Z,2026-09-03T15:55:03.852587Z
Dominican Republic Peso,DOP,0.021989,0.021737,2025-12-31,2026-04-30T11:19:37.061155Z,2026-09-03T15:55:03.852587Z
Egyptian Pound,EGP,0.02935,0.028737,2025-12-31,2026-04-30T11:19:37.061155Z,2026-09-03T15:55:03.852587Z
European Monetary Unit,EUR,1.6228,1.609878,2025-12-31,2026-04-30T11:19:37.061155Z,2026-09-03T15:55:03.852587Z
Pound Sterling,GBP,1.854441,1.843726,2025-12-31,2026-04-30T11:19:37.061155Z,2026-09-03T15:55:03.852587Z
Guyana Dollar,GYD,0.006663,0.006554,2025-12-31,2026-04-30T11:19:37.061155Z,2026-09-03T15:55:03.852587Z
Hong Kong Dollar,HKD,0.179222,0.17611,2025-12-31,2026-04-30T11:19:37.061155Z,2026-09-03T15:55:03.852587Z
Haitian Gourde,HTG,0.010668,0.010489,2025-12-31,2026-04-30T11:19:37.061155Z,2026-09-03T15:55:03.852587Z
Hungarian Forint,HUF,0.004199,0.004193,2025-12-31,2026-04-30T11:19:37.061155Z,2026-09-03T15:55:03.852587Z
Indonesian Rupiah,IDR,0.000084,0.000082,2025-12-31,2026-04-30T11:19:37.061155Z,2026-09-03T15:55:03.852587Z
Israeli Shekel,ILS,0.428691,0.430093,2025-12-31,2026-04-30T11:19:37.061155Z,2026-09-03T15:55:03.852587Z
Indian Rupees,INR,0.015644,0.015251,2025-12-31,2026-04-30T11:19:37.061155Z,2026-09-03T15:55:03.852587Z
Jamaican Dollar,JMD,0.008697,0.008626,2025-12-31,2026-04-30T11:19:37.061155Z,2026-09-03T15:55:03.852587Z
Jordan Dinar,JOD,1.967079,1.933357,2025-12-31,2026-04-30T11:19:37.061155Z,2026-09-03T15:55:03.852587Z
Japanese Yen,JPY,0.009047,0.008745,2025-12-31,2026-04-30T11:19:37.061155Z,2026-09-03T15:55:03.852587Z
Kenya Shilling,KES,0.010788,0.010626,2025-12-31,2026-04-30T11:19:37.061155Z,2026-09-03T15:55:03.852587Z
Cambodia Riel,KHR,0.000347,0.000342,2025-12-31,2026-04-30T11:19:37.061155Z,2026-09-03T15:55:03.852587Z
South Korean Won,KRW,0.000963,0.000952,2025-12-31,2026-04-30T11:19:37.061155Z,2026-09-03T15:55:03.852587Z
Kuwait Dinar,KWD,4.542729,4.457719,2025-12-31,2026-04-30T11:19:37.061155Z,2026-09-03T15:55:03.852587Z
Cayman Island Dollar,KYD,1.699914,1.671645,2025-12-31,2026-04-30T11:19:37.061155Z,2026-09-03T15:55:03.852587Z
Sri Lanka Rupee,LKR,0.004552,0.004427,2025-12-31,2026-04-30T11:19:37.061155Z,2026-09-03T15:55:03.852587Z
Myanmar Kyat,MMK,0.000663,0.000652,2025-12-31,2026-04-30T11:19:37.061155Z,2026-09-03T15:55:03.852587Z
Macau Pataca,MOP,0.174002,0.17098,2025-12-31,2026-04-30T11:19:37.061155Z,2026-09-03T15:55:03.852587Z
Mexican Peso,MXN,0.076178,0.07624,2025-12-31,2026-04-30T11:19:37.061155Z,2026-09-03T15:55:03.852587Z
Malaysian Ringgit,MYR,0.335661,0.33779,2025-12-31,2026-04-30T11:19:37.061155Z,2026-09-03T15:55:03.852587Z
Norwegian Krone,NOK,0.138142,0.135895,2025-12-31,2026-04-30T11:19:37.061155Z,2026-09-03T15:55:03.852587Z
New Zealand Dollar,NZD,0.799833,0.78825,2025-12-31,2026-04-30T11:19:37.061155Z,2026-09-03T15:55:03.852587Z
Panamanian Balboa,PAB,1.393934,1.370749,2025-12-31,2026-04-30T11:19:37.061155Z,2026-09-03T15:55:03.852587Z
Philippine Peso,PHP,0.023746,0.023299,2025-12-31,2026-04-30T11:19:37.061155Z,2026-09-03T15:55:03.852587Z
Polish Zloty,PLN,0.383133,0.381272,2025-12-31,2026-04-30T11:19:37.061155Z,2026-09-03T15:55:03.852587Z
Romanian Leu,RON,0.318911,0.316023,2025-12-31,2026-04-30T11:19:37.061155Z,2026-09-03T15:55:03.852587Z
Swedish Krona,SEK,0.148247,0.148691,2025-12-31,2026-04-30T11:19:37.061155Z,2026-09-03T15:55:03.852587Z
Singapore Dollar,SGD,1.075653,1.065901,2025-12-31,2026-04-30T11:19:37.061155Z,2026-09-03T15:55:03.852587Z
Suriname Dollar,SRD,0.036083,0.035953,2025-12-31,2026-04-30T11:19:37.061155Z,2026-09-03T15:55:03.852587Z
Thai Baht,THB,0.043334,0.043509,2025-12-31,2026-04-30T11:19:37.061155Z,2026-09-03T15:55:03.852587Z
Trinidad and Tobago Dollar,TTD,0.206598,0.202535,2025-12-31,2026-04-30T11:19:37.061155Z,2026-09-03T15:55:03.852587Z
New Taiwan Dollar,TWD,0.044894,0.043626,2025-12-31,2026-04-30T11:19:37.061155Z,2026-09-03T15:55:03.852587Z
Tanzanian Shilling,TZS,0.000568,0.000557,2025-12-31,2026-04-30T11:19:37.061155Z,2026-09-03T15:55:03.852587Z
Uganda Shilling,UGX,0.000394,0.000379,2025-12-31,2026-04-30T11:19:37.061155Z,2026-09-03T15:55:03.852587Z
U.S.Dollar,USD,1.393934,1.370749,2025-12-31,2026-04-30T11:19:37.061155Z,2026-09-03T15:55:03.852587Z
Uruguayan Peso,UYU,0.035186,0.035098,2025-12-31,2026-04-30T11:19:37.061155Z,2026-09-03T15:55:03.852587Z
Vietnamese Dong,VND,0.000053,0.000052,2025-12-31,2026-04-30T11:19:37.061155Z,2026-09-03T15:55:03.852587Z
East Caribbean Dollar,XCD,0.516271,0.507685,2025-12-31,2026-04-30T11:19:37.061155Z,2026-09-03T15:55:03.852587Z
South African Rand,ZAR,0.081492,0.082725,2025-12-31,2026-04-30T11:19:37.061155Z,2026-09-03T15:55:03.852587Z
Zambian Kwacha,ZMW,0.061205,0.061955,2025-12-31,2026-04-30T11:19:37.061155Z,2026-09-03T15:55:03.852587Z
Zimbabwe Gold,ZWG,0.052676,0.05276,2025-12-31,2026-04-30T11:19:37.061155Z,2026-09-03T15:55:03.852587Z
United Arab Emirates Dirham,AED,0.381957,0.381957,2026-07-31,2026-08-01T09:03:53.740579Z,2026-09-03T15:55:03.852587Z
Netherlands Antilles Guilder,ANG,0.783715,0.783715,2026-07-31,2026-08-01T09:03:53.740579Z,2026-09-03T15:55:03.852587Z
Argentine Peso,ARS,0.000942,0.000942,2026-07-31,2026-08-01T09:03:53.740579Z,2026-09-03T15:55:03.852587Z
Australian Dollar,AUD,0.985292,0.985292,2026-07-31,2026-08-01T09:03:53.740579Z,2026-09-03T15:55:03.852587Z
Barbados Dollar,BBD,0.701425,0.701425,2026-07-31,2026-08-01T09:03:53.740579Z,2026-09-03T15:55:03.852587Z
Bermuda Dollar,BMD,1.402849,1.402849,2026-07-31,2026-08-01T09:03:53.740579Z,2026-09-03T15:55:03.852587Z
Brunei Dollar,BND,1.092733,1.092733,2026-07-31,2026-08-01T09:03:53.740579Z,2026-09-03T15:55:03.852587Z
Brazilian Real,BRL,0.276116,0.276116,2026-07-31,2026-08-01T09:03:53.740579Z,2026-09-03T15:55:03.852587Z
Bahamian Dollar,BSD,1.402849,1.402849,2026-07-31,2026-08-01T09:03:53.740579Z,2026-09-03T15:55:03.852587Z
Belize Dollar,BZD,0.701425,0.701425,2026-07-31,2026-08-01T09:03:53.740579Z,2026-09-03T15:55:03.852587Z
Swiss Franc,CHF,1.733947,1.733947,2026-07-31,2026-08-01T09:03:53.740579Z,2026-09-03T15:55:03.852587Z
Chilean Peso,CLP,0.001511,0.001511,2026-07-31,2026-08-01T09:03:53.740579Z,2026-09-03T15:55:03.852587Z
Chinese Renminbi (Offshore),CNH,0.207725,0.207725,2026-07-31,2026-08-01T09:03:53.740579Z,2026-09-03T15:55:03.852587Z
Chinese Yuan Renminbi,CNY,0.207905,0.207905,2026-07-31,2026-08-01T09:03:53.740579Z,2026-09-03T15:55:03.852587Z
Columbian Peso,COP,0.000446,0.000446,2026-07-31,2026-08-01T09:03:53.740579Z,2026-09-03T15:55:03.852587Z
Cuban Peso,CUP,0.058452,0.058452,2026-07-31,2026-08-01T09:03:53.740579Z,2026-09-03T15:55:03.852587Z
Czech Koruna,CZK,0.0667,0.0667,2026-07-31,2026-08-01T09:03:53.740579Z,2026-09-03T15:55:03.852587Z
Danish Krone,DKK,0.215931,0.215931,2026-07-31,2026-08-01T09:03:53.740579Z,2026-09-03T15:55:03.852587Z
Dominican Republic Peso,DOP,0.024133,0.024133,2026-07-31,2026-08-01T09:03:53.740579Z,2026-09-03T15:55:03.852587Z
Egyptian Pound,EGP,0.027426,0.027426,2026-07-31,2026-08-01T09:03:53.740579Z,2026-09-03T15:55:03.852587Z
European Monetary Unit,EUR,1.614049,1.614049,2026-07-31,2026-08-01T09:03:53.740579Z,2026-09-03T15:55:03.852587Z
Pound Sterling,GBP,1.887886,1.887886,2026-07-31,2026-08-01T09:03:53.740579Z,2026-09-03T15:55:03.852587Z
Guyana Dollar,GYD,0.006693,0.006693,2026-07-31,2026-08-01T09:03:53.740579Z,2026-09-03T15:55:03.852587Z
Hong Kong Dollar,HKD,0.178898,0.178898,2026-07-31,2026-08-01T09:03:53.740579Z,2026-09-03T15:55:03.852587Z
Haitian Gourde,HTG,0.01075,0.01075,2026-07-31,2026-08-01T09:03:53.740579Z,2026-09-03T15:55:03.852587Z
Hungarian Forint,HUF,0.004427,0.004427,2026-07-31,2026-08-01T09:03:53.740579Z,2026-09-03T15:55:03.852587Z
Indonesian Rupiah,IDR,0.000078,0.000078,2026-07-31,2026-08-01T09:03:53.740579Z,2026-09-03T15:55:03.852587Z
Israeli Shekel,ILS,0.458126,0.458126,2026-07-31,2026-08-01T09:03:53.740579Z,2026-09-03T15:55:03.852587Z
Indian Rupees,INR,0.014703,0.014703,2026-07-31,2026-08-01T09:03:53.740579Z,2026-09-03T15:55:03.852587Z
Jamaican Dollar,JMD,0.008863,0.008863,2026-07-31,2026-08-01T09:03:53.740579Z,2026-09-03T15:55:03.852587Z
Jordan Dinar,JOD,1.978631,1.978631,2026-07-31,2026-08-01T09:03:53.740579Z,2026-09-03T15:55:03.852587Z
Japanese Yen,JPY,0.00881,0.00881,2026-07-31,2026-08-01T09:03:53.740579Z,2026-09-03T15:55:03.852587Z
Kenya Shilling,KES,0.010858,0.010858,2026-07-31,2026-08-01T09:03:53.740579Z,2026-09-03T15:55:03.852587Z
Cambodia Riel,KHR,0.000347,0.000347,2026-07-31,2026-08-01T09:03:53.740579Z,2026-09-03T15:55:03.852587Z
South Korean Won,KRW,0.000984,0.000984,2026-07-31,2026-08-01T09:03:53.740579Z,2026-09-03T15:55:03.852587Z
Kuwait Dinar,KWD,4.534099,4.534099,2026-07-31,2026-08-01T09:03:53.740579Z,2026-09-03T15:55:03.852587Z
Cayman Island Dollar,KYD,1.710794,1.710794,2026-07-31,2026-08-01T09:03:53.740579Z,2026-09-03T15:55:03.852587Z
Sri Lanka Rupee,LKR,0.004179,0.004179,2026-07-31,2026-08-01T09:03:53.740579Z,2026-09-03T15:55:03.852587Z
Myanmar Kyat,MMK,0.000666,0.000666,2026-07-31,2026-08-01T09:03:53.740579Z,2026-09-03T15:55:03.852587Z
Macau Pataca,MOP,0.173688,0.173688,2026-07-31,2026-08-01T09:03:53.740579Z,2026-09-03T15:55:03.852587Z
Mexican Peso,MXN,0.080854,0.080854,2026-07-31,2026-08-01T09:03:53.740579Z,2026-09-03T15:55:03.852587Z
Malaysian Ringgit,MYR,0.343289,0.343289,2026-07-31,2026-08-01T09:03:53.740579Z,2026-09-03T15:55:03.852587Z
Norwegian Krone,NOK,0.147914,0.147914,2026-07-31,2026-08-01T09:03:53.740579Z,2026-09-03T15:55:03.852587Z
New Zealand Dollar,NZD,0.824385,0.824385,2026-07-31,2026-08-01T09:03:53.740579Z,2026-09-03T15:55:03.852587Z
Panamanian Balboa,PAB,1.402849,1.402849,2026-07-31,2026-08-01T09:03:53.740579Z,2026-09-03T15:55:03.852587Z
Philippine Peso,PHP,0.022915,0.022915,2026-07-31,2026-08-01T09:03:53.740579Z,2026-09-03T15:55:03.852587Z
Polish Zloty,PLN,0.374753,0.374753,2026-07-31,2026-08-01T09:03:53.740579Z,2026-09-03T15:55:03.852587Z
Romanian Leu,RON,0.307683,0.307683,2026-07-31,2026-08-01T09:03:53.740579Z,2026-09-03T15:55:03.852587Z
Swedish Krona,SEK,0.147049,0.147049,2026-07-31,2026-08-01T09:03:53.740579Z,2026-09-03T15:55:03.852587Z
Singapore Dollar,SGD,1.092733,1.092733,2026-07-31,2026-08-01T09:03:53.740579Z,2026-09-03T15:55:03.852587Z
Suriname Dollar,SRD,0.037211,0.037211,2026-07-31,2026-08-01T09:03:53.740579Z,2026-09-03T15:55:03.852587Z
Thai Baht,THB,0.042011,0.042011,2026-07-31,2026-08-01T09:03:53.740579Z,2026-09-03T15:55:03.852587Z
Trinidad and Tobago Dollar,TTD,0.206841,0.206841,2026-07-31,2026-08-01T09:03:53.740579Z,2026-09-03T15:55:03.852587Z
New Taiwan Dollar,TWD,0.043406,0.043406,2026-07-31,2026-08-01T09:03:53.740579Z,2026-09-03T15:55:03.852587Z
Tanzanian Shilling,TZS,0.000531,0.000531,2026-07-31,2026-08-01T09:03:53.740579Z,2026-09-03T15:55:03.852587Z
Uganda Shilling,UGX,0.000375,0.000375,2026-07-31,2026-08-01T09:03:53.740579Z,2026-09-03T15:55:03.852587Z
U.S.Dollar,USD,1.402849,1.402849,2026-07-31,2026-08-01T09:03:53.740579Z,2026-09-03T15:55:03.852587Z
Uruguayan Peso,UYU,0.034875,0.034875,2026-07-31,2026-08-01T09:03:53.740579Z,2026-09-03T15:55:03.852587Z
Vietnamese Dong,VND,0.000053,0.000053,2026-07-31,2026-08-01T09:03:53.740579Z,2026-09-03T15:55:03.852587Z
East Caribbean Dollar,XCD,0.519574,0.519574,2026-07-31,2026-08-01T09:03:53.740579Z,2026-09-03T15:55:03.852587Z
South African Rand,ZAR,0.084758,0.084758,2026-07-31,2026-08-01T09:03:53.740579Z,2026-09-03T15:55:03.852587Z
Zambian Kwacha,ZMW,0.074647,0.074647,2026-07-31,2026-08-01T09:03:53.740579Z,2026-09-03T15:55:03.852587Z
Zimbabwe Gold,ZWG,0.051795,0.051795,2026-07-31,2026-08-01T09:03:53.740579Z,2026-09-03T15:55:03.852587Z
United Arab Emirates Dirham,AED,0.37343,0.379917,2026-03-31,2026-04-01T10:01:20.486341Z,2026-09-03T15:55:03.852587Z
Netherlands Antilles Guilder,ANG,0.766264,0.779637,2026-03-31,2026-04-01T10:01:20.486341Z,2026-09-03T15:55:03.852587Z
Argentine Peso,ARS,0.000967,0.001009,2026-03-31,2026-04-01T10:01:20.486341Z,2026-09-03T15:55:03.852587Z
Australian Dollar,AUD,0.95261,0.955812,2026-03-31,2026-04-01T10:01:20.486341Z,2026-09-03T15:55:03.852587Z
Barbados Dollar,BBD,0.685805,0.697775,2026-03-31,2026-04-01T10:01:20.486341Z,2026-09-03T15:55:03.852587Z
Bermuda Dollar,BMD,1.371612,1.395551,2026-03-31,2026-04-01T10:01:20.486341Z,2026-09-03T15:55:03.852587Z
Brunei Dollar,BND,1.074932,1.081696,2026-03-31,2026-04-01T10:01:20.486341Z,2026-09-03T15:55:03.852587Z
Brazilian Real,BRL,0.260792,0.267247,2026-03-31,2026-04-01T10:01:20.486341Z,2026-09-03T15:55:03.852587Z
Bahamian Dollar,BSD,1.371612,1.395551,2026-03-31,2026-04-01T10:01:20.486341Z,2026-09-03T15:55:03.852587Z
Belize Dollar,BZD,0.685805,0.697775,2026-03-31,2026-04-01T10:01:20.486341Z,2026-09-03T15:55:03.852587Z
Swiss Franc,CHF,1.750115,1.736732,2026-03-31,2026-04-01T10:01:20.486341Z,2026-09-03T15:55:03.852587Z
Chilean Peso,CLP,0.001547,0.001495,2026-03-31,2026-04-01T10:01:20.486341Z,2026-09-03T15:55:03.852587Z
Chinese Renminbi (Offshore),CNH,0.198138,0.202057,2026-03-31,2026-04-01T10:01:20.486341Z,2026-09-03T15:55:03.852587Z
Chinese Yuan Renminbi,CNY,0.198062,0.202014,2026-03-31,2026-04-01T10:01:20.486341Z,2026-09-03T15:55:03.852587Z
Columbian Peso,COP,0.000371,0.000381,2026-03-31,2026-04-01T10:01:20.486341Z,2026-09-03T15:55:03.852587Z
Cuban Peso,CUP,0.05715,0.058148,2026-03-31,2026-04-01T10:01:20.486341Z,2026-09-03T15:55:03.852587Z
Czech Koruna,CZK,0.065977,0.065453,2026-03-31,2026-04-01T10:01:20.486341Z,2026-09-03T15:55:03.852587Z
Danish Krone,DKK,0.214819,0.215183,2026-03-31,2026-04-01T10:01:20.486341Z,2026-09-03T15:55:03.852587Z
Dominican Republic Peso,DOP,0.022197,0.023294,2026-03-31,2026-04-01T10:01:20.486341Z,2026-09-03T15:55:03.852587Z
Egyptian Pound,EGP,0.028077,0.025569,2026-03-31,2026-04-01T10:01:20.486341Z,2026-09-03T15:55:03.852587Z
European Monetary Unit,EUR,1.604863,1.607952,2026-03-31,2026-04-01T10:01:20.486341Z,2026-09-03T15:55:03.852587Z
Pound Sterling,GBP,1.848121,1.840312,2026-03-31,2026-04-01T10:01:20.486341Z,2026-09-03T15:55:03.852587Z
Guyana Dollar,GYD,0.006557,0.006657,2026-03-31,2026-04-01T10:01:20.486341Z,2026-09-03T15:55:03.852587Z
Hong Kong Dollar,HKD,0.175553,0.177999,2026-03-31,2026-04-01T10:01:20.486341Z,2026-09-03T15:55:03.852587Z
Haitian Gourde,HTG,0.010489,0.010674,2026-03-31,2026-04-01T10:01:20.486341Z,2026-09-03T15:55:03.852587Z
Hungarian Forint,HUF,0.004179,0.004164,2026-03-31,2026-04-01T10:01:20.486341Z,2026-09-03T15:55:03.852587Z
Indonesian Rupiah,IDR,0.000081,0.000082,2026-03-31,2026-04-01T10:01:20.486341Z,2026-09-03T15:55:03.852587Z
Israeli Shekel,ILS,0.439624,0.441979,2026-03-31,2026-04-01T10:01:20.486341Z,2026-09-03T15:55:03.852587Z
Indian Rupees,INR,0.014987,0.014713,2026-03-31,2026-04-01T10:01:20.486341Z,2026-09-03T15:55:03.852587Z
Jamaican Dollar,JMD,0.008736,0.008861,2026-03-31,2026-04-01T10:01:20.486341Z,2026-09-03T15:55:03.852587Z
Jordan Dinar,JOD,1.935247,1.968337,2026-03-31,2026-04-01T10:01:20.486341Z,2026-09-03T15:55:03.852587Z
Japanese Yen,JPY,0.008743,0.008772,2026-03-31,2026-04-01T10:01:20.486341Z,2026-09-03T15:55:03.852587Z
Kenya Shilling,KES,0.01062,0.010739,2026-03-31,2026-04-01T10:01:20.486341Z,2026-09-03T15:55:03.852587Z
Cambodia Riel,KHR,0.000341,0.000348,2026-03-31,2026-04-01T10:01:20.486341Z,2026-09-03T15:55:03.852587Z
South Korean Won,KRW,0.000936,0.000911,2026-03-31,2026-04-01T10:01:20.486341Z,2026-09-03T15:55:03.852587Z
Kuwait Dinar,KWD,4.464226,4.507591,2026-03-31,2026-04-01T10:01:20.486341Z,2026-09-03T15:55:03.852587Z
Cayman Island Dollar,KYD,1.672697,1.70189,2026-03-31,2026-04-01T10:01:20.486341Z,2026-09-03T15:55:03.852587Z
Sri Lanka Rupee,LKR,0.004419,0.004425,2026-03-31,2026-04-01T10:01:20.486341Z,2026-09-03T15:55:03.852587Z
Myanmar Kyat,MMK,0.000652,0.000663,2026-03-31,2026-04-01T10:01:20.486341Z,2026-09-03T15:55:03.852587Z
Macau Pataca,MOP,0.17044,0.172815,2026-03-31,2026-04-01T10:01:20.486341Z,2026-09-03T15:55:03.852587Z
Mexican Peso,MXN,0.078087,0.077352,2026-03-31,2026-04-01T10:01:20.486341Z,2026-09-03T15:55:03.852587Z
Malaysian Ringgit,MYR,0.345872,0.344665,2026-03-31,2026-04-01T10:01:20.486341Z,2026-09-03T15:55:03.852587Z
Norwegian Krone,NOK,0.140931,0.143266,2026-03-31,2026-04-01T10:01:20.486341Z,2026-09-03T15:55:03.852587Z
New Zealand Dollar,NZD,0.808398,0.796092,2026-03-31,2026-04-01T10:01:20.486341Z,2026-09-03T15:55:03.852587Z
Panamanian Balboa,PAB,1.371612,1.395551,2026-03-31,2026-04-01T10:01:20.486341Z,2026-09-03T15:55:03.852587Z
Philippine Peso,PHP,0.023243,0.022972,2026-03-31,2026-04-01T10:01:20.486341Z,2026-09-03T15:55:03.852587Z
Polish Zloty,PLN,0.378952,0.374338,2026-03-31,2026-04-01T10:01:20.486341Z,2026-09-03T15:55:03.852587Z
Romanian Leu,RON,0.315075,0.315343,2026-03-31,2026-04-01T10:01:20.486341Z,2026-09-03T15:55:03.852587Z
Swedish Krona,SEK,0.150049,0.146495,2026-03-31,2026-04-01T10:01:20.486341Z,2026-09-03T15:55:03.852587Z
Singapore Dollar,SGD,1.074932,1.081696,2026-03-31,2026-04-01T10:01:20.486341Z,2026-09-03T15:55:03.852587Z
Suriname Dollar,SRD,0.036241,0.037314,2026-03-31,2026-04-01T10:01:20.486341Z,2026-09-03T15:55:03.852587Z
Thai Baht,THB,0.043383,0.042315,2026-03-31,2026-04-01T10:01:20.486341Z,2026-09-03T15:55:03.852587Z
Trinidad and Tobago Dollar,TTD,0.203333,0.206371,2026-03-31,2026-04-01T10:01:20.486341Z,2026-09-03T15:55:03.852587Z
New Taiwan Dollar,TWD,0.043361,0.043652,2026-03-31,2026-04-01T10:01:20.486341Z,2026-09-03T15:55:03.852587Z
Tanzanian Shilling,TZS,0.000536,0.000538,2026-03-31,2026-04-01T10:01:20.486341Z,2026-09-03T15:55:03.852587Z
Uganda Shilling,UGX,0.000378,0.000371,2026-03-31,2026-04-01T10:01:20.486341Z,2026-09-03T15:55:03.852587Z
U.S.Dollar,USD,1.371612,1.395551,2026-03-31,2026-04-01T10:01:20.486341Z,2026-09-03T15:55:03.852587Z
Uruguayan Peso,UYU,0.035081,0.034335,2026-03-31,2026-04-01T10:01:20.486341Z,2026-09-03T15:55:03.852587Z
Vietnamese Dong,VND,0.000052,0.000053,2026-03-31,2026-04-01T10:01:20.486341Z,2026-09-03T15:55:03.852587Z
East Caribbean Dollar,XCD,0.508004,0.51687,2026-03-31,2026-04-01T10:01:20.486341Z,2026-09-03T15:55:03.852587Z
South African Rand,ZAR,0.083845,0.081528,2026-03-31,2026-04-01T10:01:20.486341Z,2026-09-03T15:55:03.852587Z
Zambian Kwacha,ZMW,0.070556,0.072888,2026-03-31,2026-04-01T10:01:20.486341Z,2026-09-03T15:55:03.852587Z
Zimbabwe Gold,ZWG,0.053226,0.054034,2026-03-31,2026-04-01T10:01:20.486341Z,2026-09-03T15:55:03.852587Z
United Arab Emirates Dirham,AED,0.375063,0.375063,2026-05-31,2026-05-30T09:08:38.394474Z,2026-09-03T15:55:03.852587Z
Netherlands Antilles Guilder,ANG,0.769581,0.769581,2026-05-31,2026-05-30T09:08:38.394474Z,2026-09-03T15:55:03.852587Z
Argentine Peso,ARS,0.000975,0.000975,2026-05-31,2026-05-30T09:08:38.394474Z,2026-09-03T15:55:03.852587Z
Australian Dollar,AUD,0.991147,0.991147,2026-05-31,2026-05-30T09:08:38.394474Z,2026-09-03T15:55:03.852587Z
Barbados Dollar,BBD,0.688775,0.688775,2026-05-31,2026-05-30T09:08:38.394474Z,2026-09-03T15:55:03.852587Z
Bermuda Dollar,BMD,1.377551,1.377551,2026-05-31,2026-05-30T09:08:38.394474Z,2026-09-03T15:55:03.852587Z
Brunei Dollar,BND,1.080135,1.080135,2026-05-31,2026-05-30T09:08:38.394474Z,2026-09-03T15:55:03.852587Z
Brazilian Real,BRL,0.27234,0.27234,2026-05-31,2026-05-30T09:08:38.394474Z,2026-09-03T15:55:03.852587Z
Bahamian Dollar,BSD,1.377551,1.377551,2026-05-31,2026-05-30T09:08:38.394474Z,2026-09-03T15:55:03.852587Z
Belize Dollar,BZD,0.688775,0.688775,2026-05-31,2026-05-30T09:08:38.394474Z,2026-09-03T15:55:03.852587Z
Swiss Franc,CHF,1.763037,1.763037,2026-05-31,2026-05-30T09:08:38.394474Z,2026-09-03T15:55:03.852587Z
Chilean Peso,CLP,0.001548,0.001548,2026-05-31,2026-05-30T09:08:38.394474Z,2026-09-03T15:55:03.852587Z
Chinese Renminbi (Offshore),CNH,0.203736,0.203736,2026-05-31,2026-05-30T09:08:38.394474Z,2026-09-03T15:55:03.852587Z
Chinese Yuan Renminbi,CNY,0.203522,0.203522,2026-05-31,2026-05-30T09:08:38.394474Z,2026-09-03T15:55:03.852587Z
Columbian Peso,COP,0.000376,0.000376,2026-05-31,2026-05-30T09:08:38.394474Z,2026-09-03T15:55:03.852587Z
Cuban Peso,CUP,0.057398,0.057398,2026-05-31,2026-05-30T09:08:38.394474Z,2026-09-03T15:55:03.852587Z
Czech Koruna,CZK,0.066177,0.066177,2026-05-31,2026-05-30T09:08:38.394474Z,2026-09-03T15:55:03.852587Z
Danish Krone,DKK,0.215098,0.215098,2026-05-31,2026-05-30T09:08:38.394474Z,2026-09-03T15:55:03.852587Z
Dominican Republic Peso,DOP,0.023424,0.023424,2026-05-31,2026-05-30T09:08:38.394474Z,2026-09-03T15:55:03.852587Z
Egyptian Pound,EGP,0.02638,0.02638,2026-05-31,2026-05-30T09:08:38.394474Z,2026-09-03T15:55:03.852587Z
European Monetary Unit,EUR,1.607531,1.607531,2026-05-31,2026-05-30T09:08:38.394474Z,2026-09-03T15:55:03.852587Z
Pound Sterling,GBP,1.856869,1.856869,2026-05-31,2026-05-30T09:08:38.394474Z,2026-09-03T15:55:03.852587Z
Guyana Dollar,GYD,0.006598,0.006598,2026-05-31,2026-05-30T09:08:38.394474Z,2026-09-03T15:55:03.852587Z
Hong Kong Dollar,HKD,0.175766,0.175766,2026-05-31,2026-05-30T09:08:38.394474Z,2026-09-03T15:55:03.852587Z
Haitian Gourde,HTG,0.010547,0.010547,2026-05-31,2026-05-30T09:08:38.394474Z,2026-09-03T15:55:03.852587Z
Hungarian Forint,HUF,0.00454,0.00454,2026-05-31,2026-05-30T09:08:38.394474Z,2026-09-03T15:55:03.852587Z
Indonesian Rupiah,IDR,0.000077,0.000077,2026-05-31,2026-05-30T09:08:38.394474Z,2026-09-03T15:55:03.852587Z
Israeli Shekel,ILS,0.491377,0.491377,2026-05-31,2026-05-30T09:08:38.394474Z,2026-09-03T15:55:03.852587Z
Indian Rupees,INR,0.014501,0.014501,2026-05-31,2026-05-30T09:08:38.394474Z,2026-09-03T15:55:03.852587Z
Jamaican Dollar,JMD,0.008746,0.008746,2026-05-31,2026-05-30T09:08:38.394474Z,2026-09-03T15:55:03.852587Z
Jordan Dinar,JOD,1.942947,1.942947,2026-05-31,2026-05-30T09:08:38.394474Z,2026-09-03T15:55:03.852587Z
Japanese Yen,JPY,0.008653,0.008653,2026-05-31,2026-05-30T09:08:38.394474Z,2026-09-03T15:55:03.852587Z
Kenya Shilling,KES,0.010642,0.010642,2026-05-31,2026-05-30T09:08:38.394474Z,2026-09-03T15:55:03.852587Z
Cambodia Riel,KHR,0.000343,0.000343,2026-05-31,2026-05-30T09:08:38.394474Z,2026-09-03T15:55:03.852587Z
South Korean Won,KRW,0.000914,0.000914,2026-05-31,2026-05-30T09:08:38.394474Z,2026-09-03T15:55:03.852587Z
Kuwait Dinar,KWD,4.45232,4.45232,2026-05-31,2026-05-30T09:08:38.394474Z,2026-09-03T15:55:03.852587Z
Cayman Island Dollar,KYD,1.679938,1.679938,2026-05-31,2026-05-30T09:08:38.394474Z,2026-09-03T15:55:03.852587Z
Sri Lanka Rupee,LKR,0.004181,0.004181,2026-05-31,2026-05-30T09:08:38.394474Z,2026-09-03T15:55:03.852587Z
Myanmar Kyat,MMK,0.000657,0.000657,2026-05-31,2026-05-30T09:08:38.394474Z,2026-09-03T15:55:03.852587Z
Macau Pataca,MOP,0.170647,0.170647,2026-05-31,2026-05-30T09:08:38.394474Z,2026-09-03T15:55:03.852587Z
Mexican Peso,MXN,0.079439,0.079439,2026-05-31,2026-05-30T09:08:38.394474Z,2026-09-03T15:55:03.852587Z
Malaysian Ringgit,MYR,0.347428,0.347428,2026-05-31,2026-05-30T09:08:38.394474Z,2026-09-03T15:55:03.852587Z
Norwegian Krone,NOK,0.149163,0.149163,2026-05-31,2026-05-30T09:08:38.394474Z,2026-09-03T15:55:03.852587Z
New Zealand Dollar,NZD,0.824739,0.824739,2026-05-31,2026-05-30T09:08:38.394474Z,2026-09-03T15:55:03.852587Z
Panamanian Balboa,PAB,1.377551,1.377551,2026-05-31,2026-05-30T09:08:38.394474Z,2026-09-03T15:55:03.852587Z
Philippine Peso,PHP,0.022364,0.022364,2026-05-31,2026-05-30T09:08:38.394474Z,2026-09-03T15:55:03.852587Z
Polish Zloty,PLN,0.38035,0.38035,2026-05-31,2026-05-30T09:08:38.394474Z,2026-09-03T15:55:03.852587Z
Romanian Leu,RON,0.306,0.306,2026-05-31,2026-05-30T09:08:38.394474Z,2026-09-03T15:55:03.852587Z
Swedish Krona,SEK,0.149194,0.149194,2026-05-31,2026-05-30T09:08:38.394474Z,2026-09-03T15:55:03.852587Z
Singapore Dollar,SGD,1.080135,1.080135,2026-05-31,2026-05-30T09:08:38.394474Z,2026-09-03T15:55:03.852587Z
Suriname Dollar,SRD,0.037046,0.037046,2026-05-31,2026-05-30T09:08:38.394474Z,2026-09-03T15:55:03.852587Z
Thai Baht,THB,0.042328,0.042328,2026-05-31,2026-05-30T09:08:38.394474Z,2026-09-03T15:55:03.852587Z
Trinidad and Tobago Dollar,TTD,0.203893,0.203893,2026-05-31,2026-05-30T09:08:38.394474Z,2026-09-03T15:55:03.852587Z
New Taiwan Dollar,TWD,0.043975,0.043975,2026-05-31,2026-05-30T09:08:38.394474Z,2026-09-03T15:55:03.852587Z
Tanzanian Shilling,TZS,0.000526,0.000526,2026-05-31,2026-05-30T09:08:38.394474Z,2026-09-03T15:55:03.852587Z
Uganda Shilling,UGX,0.000365,0.000365,2026-05-31,2026-05-30T09:08:38.394474Z,2026-09-03T15:55:03.852587Z
U.S.Dollar,USD,1.377551,1.377551,2026-05-31,2026-05-30T09:08:38.394474Z,2026-09-03T15:55:03.852587Z
Uruguayan Peso,UYU,0.034314,0.034314,2026-05-31,2026-05-30T09:08:38.394474Z,2026-09-03T15:55:03.852587Z
Vietnamese Dong,VND,0.000052,0.000052,2026-05-31,2026-05-30T09:08:38.394474Z,2026-09-03T15:55:03.852587Z
East Caribbean Dollar,XCD,0.510204,0.510204,2026-05-31,2026-05-30T09:08:38.394474Z,2026-09-03T15:55:03.852587Z
South African Rand,ZAR,0.08506,0.08506,2026-05-31,2026-05-30T09:08:38.394474Z,2026-09-03T15:55:03.852587Z
Zambian Kwacha,ZMW,0.075173,0.075173,2026-05-31,2026-05-30T09:08:38.394474Z,2026-09-03T15:55:03.852587Z
Zimbabwe Gold,ZWG,0.052091,0.052091,2026-05-31,2026-05-30T09:08:38.394474Z,2026-09-03T15:55:03.852587Z
